respondent_id,longitude,latitude,housing_median_age,total_rooms,total_bedrooms,population,households,median_income,ocean_proximity,data_source_note,median_house_value,rooms_per_household,bedrooms_per_room,population_per_household
101846,-123.08,41.73,7,11171,1015.5418559096522,3458,1419,1.5096,INLAND,survey_2023,85027.0,7.872445384073291,0.09090876876820805,2.4369274136716
101471,-116.92,39.9,11,4644,1166.1466199094325,1733,748,4.5352,<1H OCEAN,survey_2023,224770.0,6.208556149732621,0.25110822995465815,2.3168449197860963
101778,-121.75,38.74,33,4224,835.891426939432,3256,963,1.1715,<1H OCEAN,survey_2023,165143.0,4.386292834890965,0.1978909628171004,3.381100726895119
101411,-123.18,33.74,26,10765,2622.9373128594525,3579,1321,2.9071,NEAR OCEAN,survey_2023,208789.0,8.149129447388342,0.2436541860528985,2.709311127933384
100386,-121.48,36.03,11,1374,320.34783963583914,966,260,2.5587,<1H OCEAN,survey_2023,138047.0,5.2846153846153845,0.23314981050643313,3.7153846153846155
100350,-119.27,38.54,43,4655,1293.1083739473704,1892,1039,2.1503,NEAR BAY,legacy_import,117082.0,4.480269489894129,0.2777891243710785,1.8209817131857555
100311,-123.52,40.81,51,9545,2840.913830094844,4110,1105,1.8949,INLAND,survey_2023,77959.0,8.638009049773755,0.29763371713932363,3.7194570135746607
101931,-118.69,34.22,4,9959,2152.035724116822,5401,1362,9.6797,INLAND,survey_2023,459652.0,7.312041116005874,0.2160895395237295,3.965491923641703
100840,-124.17,36.23,2,4736,854.6307934688001,2013,537,1.5029,<1H OCEAN,survey_2023,131009.0,8.819366852886406,0.18045413713445949,3.7486033519553073
100492,-121.53,39.74,28,7164,1198.2021269152046,4754,1446,1.3189,INLAND,survey_2023,95447.0,4.954356846473029,0.1672532282126193,3.2876901798063622
101829,-121.37,34.6,19,4051,621.634850449864,1885,1079,2.5508,INLAND,survey_2023,167221.0,3.7544022242817423,0.15345219709944802,1.7469879518072289
100488,-114.8,38.09,27,5101,914.3361436211984,1875,984,7.4102,NEAR BAY,survey_2023,371990.0,5.183943089430894,0.17924645042564172,1.9054878048780488
101930,-118.5,41.42,38,10810,2201.2332323480077,3529,1420,1.25,INLAND,survey_2023,66738.0,7.612676056338028,0.2036293461931552,2.4852112676056337
100705,-114.4,40.17,30,10547,1015.5418559096522,3543,1192,6.8546,<1H OCEAN,legacy_import,289011.0,8.848154362416107,0.09628727182228616,2.972315436241611
101388,-114.6,32.87,23,6875,2215.18128497366,3023,942,3.3249,<1H OCEAN,survey_2023,194175.0,7.298301486199575,0.3222081869052596,3.209129511677282
100971,-114.93,34.05,39,3043,1027.3651004899257,1526,421,3.4265,<1H OCEAN,survey_2023,201349.0,7.228028503562945,0.33761587265525,3.624703087885986
101963,-120.46,38.04,18,5077,1005.792176861948,1558,743,6.9153,<1H OCEAN,legacy_import,354416.0,6.833109017496636,0.19810757866101003,2.0969044414535665
100976,-118.35,40.47,35,3635,1146.2243867623708,1189,713,3.4164,INLAND,survey_2023,148416.0,5.098176718092566,0.3153299550928118,1.667601683029453
101342,-115.62,38.51,2,4279,691.2863986602962,3698,1184,3.6668,<1H OCEAN,survey_2023,216815.0,3.61402027027027,0.16155325979441368,3.123310810810811
100396,-115.72,33.97,51,7903,1015.5418559096522,4110,1207,3.1418,<1H OCEAN,survey_2023,148679.0,6.547638773819387,0.12850080424011795,3.405136702568351
101940,-123.71,39.69,15,5996,930.645818911848,2208,1173,2.4552,NEAR BAY,legacy_import,130636.0,5.111679454390452,0.15521111055901401,1.8823529411764706
101090,-114.87,36.78,47,6162,1015.5418559096522,1686,1114,2.6546,NEAR OCEAN,survey_2023,135313.0,5.531418312387792,0.16480718206907696,1.5134649910233393
101979,-115.88,36.55,52,6363,1104.739932915795,1562,717,0.5,<1H OCEAN,legacy_import,109120.0,8.874476987447698,0.17361935139333567,2.178521617852162
101780,-123.92,36.3,2,466,136.78193888579494,464,140,1.5383,<1H OCEAN,survey_2023,139910.0,3.3285714285714287,0.2935234740038518,3.3142857142857145
101242,-116.59,37.64,22,4378,978.1176533495932,1920,583,0.6887,<1H OCEAN,survey_2023,102861.0,7.509433962264151,0.22341654941744934,3.293310463121784
100921,-119.43,39.27,29,3511,701.837374461915,3819,1084,3.0468,<1H OCEAN,survey_2023,180520.0,3.238929889298893,0.19989671730615638,3.523062730627306
101750,-118.95,41.01,24,8972,2819.022604318245,3887,1277,1.1049,<1H OCEAN,survey_2023,89520.0,7.025841816758026,0.3142022519302547,3.043852779953015
100110,-121.4,33.84,24,940,181.28846568433008,666,312,2.069,<1H OCEAN,survey_2023,137603.0,3.0128205128205128,0.1928600698769469,2.1346153846153846
100744,-121.98,38.41,28,4724,921.8272761925646,3276,1024,2.4126,<1H OCEAN,survey_2023,174248.0,4.61328125,0.19513701866904415,3.19921875
100620,-122.45,39.99,19,6531,1441.2589292210782,3117,1425,2.2287,<1H OCEAN,legacy_import,205607.0,4.583157894736842,0.22067967068153088,2.1873684210526316
101371,-122.49,38.16,15,844,176.08211813156228,207,122,7.5646,<1H OCEAN,survey_2023,384500.0,6.918032786885246,0.20862810205161408,1.6967213114754098
100595,-119.56,39.87,32,3117,624.8285767455073,2214,570,3.5989,NEAR OCEAN,survey_2023,221533.0,5.468421052631579,0.20045831785226415,3.8842105263157896
101438,-122.28,41.32,15,6139,1105.1843359101051,2828,1330,0.9928,<1H OCEAN,legacy_import,118683.0,4.61578947368421,0.18002676916600507,2.126315789473684
101280,-118.12,36.79,29,3002,733.806900335976,1583,437,5.0075,NEAR BAY,survey_2023,256369.0,6.869565217391305,0.24443934055162425,3.622425629290618
101934,-117.54,35.42,41,4479,719.0346133288429,1699,704,8.1042,INLAND,legacy_import,337818.0,6.362215909090909,0.16053463124109016,2.413352272727273
100367,-115.25,37.81,11,6375,1562.2621852012153,2416,824,1.324,<1H OCEAN,survey_2023,87033.0,7.736650485436893,0.24506073493352395,2.9320388349514563
101047,-124.06,35.79,30,5192,1695.310816986552,3444,867,2.8274,<1H OCEAN,legacy_import,163342.0,5.988465974625144,0.32652365504363484,3.972318339100346
100002,-116.98,41.11,37,2263,397.55134757583966,1119,706,3.0904,INLAND,survey_2023,128287.0,3.2053824362606234,0.17567447970651331,1.584985835694051
100423,-119.36,36.86,19,10238,1947.7859722688888,5297,1425,3.001,INLAND,survey_2023,124579.0,7.184561403508772,0.1902506321809815,3.7171929824561403
100377,-124.07,40.0,42,7849,2529.034282193375,1951,1254,4.4929,<1H OCEAN,survey_2023,184382.0,6.259170653907496,0.3222110182435183,1.5558213716108453
101872,-119.24,33.99,32,7707,2469.899433859616,3742,1034,1.1438,<1H OCEAN,survey_2023,138235.0,7.45357833655706,0.3204748194965117,3.618955512572534
101385,-121.05,40.85,35,2704,663.2813730088857,976,515,5.4466,<1H OCEAN,legacy_import,250814.0,5.250485436893204,0.24529636575772398,1.895145631067961
101038,-123.65,33.14,3,2262,383.3100910401204,1692,520,3.3933,<1H OCEAN,survey_2023,179955.0,4.35,0.16945627366937244,3.253846153846154
100308,-116.35,33.58,8,1238,215.7099314772311,335,142,1.056,NEAR OCEAN,survey_2023,61750.0,8.71830985915493,0.17424065547433853,2.359154929577465
101982,-119.72,34.63,42,8913,2274.510011138997,4102,1067,6.4501,NEAR OCEAN,survey_2023,304914.0,8.353327085285848,0.25519017290912116,3.8444236176194937
100392,-120.58,36.59,38,3876,892.5400749279418,937,440,2.0197,NEAR OCEAN,survey_2023,137773.0,8.809090909090909,0.23027349714343182,2.1295454545454544
101126,-123.43,38.89,13,2788,710.0191204881191,1591,553,0.5,INLAND,survey_2023,47768.0,5.041591320072333,0.2546696988838304,2.877034358047016
101396,-119.99,40.34,3,3022,819.1950614828495,1387,360,1.3076,<1H OCEAN,survey_2023,88418.0,8.394444444444444,0.2710771216025313,3.852777777777778
101850,-121.44,36.47,12,4140,649.8689704304971,2481,708,0.5423,<1H OCEAN,survey_2023,79977.0,5.8474576271186445,0.15697318126340512,3.5042372881355934
101227,-121.56,35.87,17,7545,1704.7845026343757,1322,846,1.9934,<1H OCEAN,survey_2023,126582.0,8.918439716312056,0.22594890690979136,1.5626477541371158
101554,-122.02,33.87,20,3605,1140.558677540164,1677,958,3.1223,INLAND,legacy_import,163548.0,3.7630480167014615,0.3163824348239012,1.7505219206680585
101361,-122.19,35.08,23,4052,1153.7653786587591,1779,483,0.5,INLAND,survey_2023,15590.0,8.389233954451345,0.2847397281981143,3.6832298136645965
101678,-122.56,40.11,39,10086,2256.6900634423296,2875,1190,3.5668,NEAR BAY,survey_2023,213945.0,8.47563025210084,0.2237448010551586,2.4159663865546217
100718,-123.06,40.55,47,2620,546.5906246659333,1221,488,0.8457,<1H OCEAN,survey_2023,118850.0,5.368852459016393,0.2086223758266921,2.502049180327869
100340,-119.38,39.64,19,6042,1594.6779886376737,3811,1172,3.2634,NEAR OCEAN,survey_2023,190243.0,5.1552901023890785,0.2639321397943849,3.2517064846416384
101228,-114.46,33.5,15,6454,1920.407724321405,2229,762,0.8968,NEAR OCEAN,survey_2023,106136.0,8.469816272965879,0.2975531026218477,2.925196850393701
100657,-120.67,40.58,49,2207,476.07965853345706,655,359,3.0996,<1H OCEAN,survey_2023,148511.0,6.147632311977716,0.21571348370342414,1.8245125348189415
100544,-118.12,33.34,27,473,148.60181057454395,340,155,2.4262,INLAND,legacy_import,89823.0,3.0516129032258066,0.31416873271573775,2.193548387096774
101109,-122.76,38.33,15,10345,3356.028549524172,4841,1372,3.0079,INLAND,survey_2023,191636.0,7.540087463556851,0.3244106862758987,3.5284256559766765
101764,-122.8,37.18,32,4672,1408.2565011243046,3847,1143,2.9984,NEAR BAY,survey_2023,178249.0,4.087489063867016,0.3014247647954419,3.3657042869641294
100694,-123.15,41.65,46,253,45.00872385601736,111,72,2.5288,NEAR OCEAN,survey_2023,155437.0,3.513888888888889,0.17790009429255874,1.5416666666666667
100681,-121.72,40.44,18,5697,1657.0196238736476,2496,670,4.4767,INLAND,survey_2023,221523.0,8.502985074626865,0.2908582804763292,3.725373134328358
101759,-118.82,40.39,27,4589,1020.971965093831,2242,575,3.5122,INLAND,survey_2023,144198.0,7.980869565217391,0.22248245044537612,3.8991304347826086
100455,-119.37,33.82,49,6112,1886.2984891544968,3645,1256,3.0062,NEAR OCEAN,survey_2023,189532.0,4.86624203821656,0.3086221350056441,2.9020700636942673
101159,-124.01,35.28,17,80,27.300345612923,83,23,0.704,<1H OCEAN,survey_2023,90826.0,3.4782608695652173,0.3412543201615375,3.608695652173913
100593,-120.84,37.44,45,9789,2435.557025534756,3049,1264,5.842,<1H OCEAN,legacy_import,313206.0,7.744462025316456,0.2488054985733738,2.4121835443037973
101149,-115.63,36.82,29,63,14.043583981025574,50,17,3.7228,<1H OCEAN,survey_2023,195799.0,3.7058823529411766,0.22291403144485036,2.9411764705882355
100558,-116.75,33.23,3,5651,1651.247875434056,1469,715,6.3795,<1H OCEAN,survey_2023,324868.0,7.903496503496504,0.2922045435204488,2.0545454545454547
101015,-115.05,35.67,45,626,210.6149078126948,308,79,6.6734,NEAR OCEAN,survey_2023,332625.0,7.924050632911392,0.33644553963689267,3.8987341772151898
100540,-114.76,38.76,10,8841,2557.0879866393298,3765,1183,0.5,NEAR BAY,survey_2023,76675.0,7.4733727810650885,0.2892306285080115,3.182586644125106
100127,-115.69,34.08,2,1043,344.7162016387987,479,202,2.5629,INLAND,legacy_import,207317.0,5.163366336633663,0.3305045078032586,2.371287128712871
100556,-122.96,37.46,44,3352,1105.6765025163577,1199,414,1.5721,<1H OCEAN,survey_2023,120015.0,8.096618357487923,0.3298557585072666,2.896135265700483
100196,-117.04,36.87,24,9081,1664.402340945878,3486,1353,0.5,NEAR OCEAN,survey_2023,30315.0,6.711751662971175,0.18328403710449048,2.57649667405765
101771,-116.45,41.07,52,1807,336.02387651510367,733,412,2.8315,<1H OCEAN,survey_2023,121878.0,4.385922330097087,0.18595676619540877,1.779126213592233
101894,-118.75,39.45,40,6498,1373.2201585286316,2124,944,1.0694,INLAND,survey_2023,65639.0,6.883474576271187,0.21132966428572356,2.25
101483,-124.24,41.25,20,904,315.504809192115,283,180,1.3499,INLAND,survey_2023,56832.0,5.022222222222222,0.3490097446815431,1.5722222222222222
101893,-122.26,36.57,39,2414,637.8235116185634,1299,367,0.5,<1H OCEAN,survey_2023,62764.0,6.577656675749319,0.2642185217972508,3.5395095367847413
100229,-117.99,35.35,31,3521,760.8510266856457,1599,753,1.1129,<1H OCEAN,legacy_import,77883.0,4.675962815405047,0.21608947079967217,2.1235059760956174
100869,-114.84,35.85,51,3054,785.9846985045804,1565,531,3.0357000000000003,<1H OCEAN,legacy_import,95739.0,5.751412429378531,0.2573623767205568,2.9472693032015065
101799,-124.18,37.9,49,8406,1298.6378411923884,3627,1473,2.3854,INLAND,survey_2023,114815.0,5.706720977596741,0.15448939343235646,2.4623217922606924
101862,-122.53,36.05,52,348,60.55290170459434,329,86,3.7292,<1H OCEAN,survey_2023,226032.0,4.046511627906977,0.17400259110515615,3.8255813953488373
100415,-119.82,41.66,23,6229,1745.08348898993,2897,728,3.3661,INLAND,survey_2023,118758.0,8.55631868131868,0.28015467795632204,3.9793956043956045
101838,-115.02,41.37,28,1283,314.2721488498324,504,149,4.0125,<1H OCEAN,legacy_import,246547.0,8.610738255033556,0.2449510123537275,3.38255033557047
101683,-116.08,34.75,42,4958,1708.3412334338648,3733,1144,6.6792,<1H OCEAN,survey_2023,331593.0,4.333916083916084,0.3445625722940429,3.263111888111888
101271,-115.7,32.59,7,302,100.9372871105467,87,42,3.9542,<1H OCEAN,legacy_import,188657.0,7.190476190476191,0.3342294275183666,2.0714285714285716
101637,-122.78,32.88,7,631,172.7789769375537,392,153,0.638,<1H OCEAN,legacy_import,76136.0,4.124183006535947,0.2738177130547602,2.5620915032679736
100619,-116.82,35.48,29,8950,1015.5418559096522,3939,1060,4.5424,INLAND,legacy_import,199926.0,8.443396226415095,0.11346836378878795,3.7160377358490564
101876,-118.4,34.1,36,1262,1015.5418559096522,526,244,2.437,NEAR BAY,survey_2023,207240.0,5.172131147540983,0.8047082851898988,2.1557377049180326
100951,-117.65,39.12,40,3360,772.2494740725348,1603,466,4.2285,<1H OCEAN,legacy_import,242802.0,7.210300429184549,0.2298361529977782,3.439914163090129
100795,-115.58,38.14,27,5650,1865.1688477099349,3365,898,4.8444,<1H OCEAN,survey_2023,202019.0,6.291759465478842,0.3301183801256522,3.747216035634744
100452,-120.06,37.8,22,3138,1059.3838210777808,725,364,3.112,<1H OCEAN,legacy_import,182518.0,8.62087912087912,0.3375984133453731,1.9917582417582418
100895,-122.25,40.82,52,2471,828.6826421114143,1147,682,3.1852,<1H OCEAN,survey_2023,155252.0,3.62316715542522,0.3353632707856796,1.6818181818181819
101338,-123.58,38.17,16,1737,393.4109431358153,888,406,2.5659,<1H OCEAN,survey_2023,167144.0,4.278325123152709,0.22648874101083205,2.187192118226601
101114,-118.37,34.39,3,3667,827.6236022034543,4627,1193,10.2968,INLAND,survey_2023,478686.0,3.0737636211232187,0.2256950101454743,3.878457669740151
101853,-115.83,41.42,40,4100,620.0700197902581,1936,1200,1.1454,INLAND,survey_2023,42116.0,3.4166666666666665,0.15123659019274588,1.6133333333333333
101870,-116.12,36.25,40,5120,1106.6768830115484,3000,1207,5.1365,<1H OCEAN,survey_2023,244987.0,4.2419221209610605,0.21614782871319305,2.4855012427506216
101867,-122.65,38.92,15,1918,590.2728300909233,1062,442,4.3082,INLAND,legacy_import,191301.0,4.339366515837104,0.3077543431130987,2.4027149321266967
101037,-117.05,41.81,28,244,80.68805239119727,280,71,3.1687,NEAR BAY,legacy_import,192033.0,3.436619718309859,0.33068873930818554,3.943661971830986
101306,-117.16,36.04,21,726,174.40640546011798,494,143,4.5544,INLAND,survey_2023,194778.0,5.076923076923077,0.24022920862275204,3.4545454545454546
100241,-114.76,32.83,15,1618,380.5718265643758,500,189,1.7027,INLAND,survey_2023,87672.0,8.56084656084656,0.23521126487291458,2.6455026455026456
101018,-115.15,33.15,27,8899,1482.0960706699248,5471,1474,4.8136,INLAND,survey_2023,189083.0,6.037313432835821,0.16654636146420101,3.7116689280868385
101215,-122.09,33.62,50,5380,1633.9061155223492,3133,859,1.9556,INLAND,survey_2023,98541.0,6.263096623981374,0.3037000214725556,3.647264260768335
101913,-120.62,41.79,12,7065,1672.050766116742,2476,786,7.3178,NEAR OCEAN,survey_2023,344187.0,8.988549618320612,0.23666677510498824,3.150127226463104
100108,-122.01,35.13,2,1859,377.2648568329522,462,269,9.3845,<1H OCEAN,legacy_import,405756.0,6.910780669144981,0.2029396755422013,1.7174721189591078
100684,-115.01,35.7,27,5267,1144.970158708163,1193,606,5.1425,<1H OCEAN,survey_2023,258064.0,8.691419141914192,0.21738563863834495,1.9686468646864685
100037,-123.32,33.94,52,9575,1898.960480424966,2957,1385,2.7164,INLAND,survey_2023,107307.0,6.913357400722021,0.19832485435247685,2.1350180505415164
100855,-122.39,37.31,25,3392,953.484160604788,3048,933,4.1497,NEAR OCEAN,survey_2023,250130.0,3.635584137191854,0.2810979247066002,3.266881028938907
101911,-115.53,35.08,28,5577,1700.1671264669758,3113,1048,7.4121,NEAR BAY,legacy_import,323497.0,5.3215648854961835,0.3048533488375427,2.970419847328244
101260,-121.61,34.44,6,2867,568.211901248023,1247,339,3.8099,<1H OCEAN,legacy_import,207587.0,8.457227138643068,0.19819040852738856,3.678466076696165
100140,-114.68,40.28,33,3271,1004.5184956087744,1360,626,2.0477,<1H OCEAN,survey_2023,116501.0,5.225239616613418,0.30709828664285366,2.1725239616613417
101164,-122.69,33.03,39,940,1015.5418559096522,764,199,1.1947,INLAND,survey_2023,15000.0,4.723618090452261,1.08036367649963,3.8391959798994977
100058,-123.85,38.68,9,7263,2162.555386977145,4316,1297,6.9992,INLAND,survey_2023,246258.0,5.599845797995374,0.2977496058071245,3.327679259830378
101518,-121.87,33.17,3,1835,323.04170005663684,459,230,3.6669,NEAR OCEAN,survey_2023,224487.0,7.978260869565218,0.1760445231916277,1.9956521739130435
100204,-118.24,39.53,36,3235,729.1925237452115,2194,955,1.9296,<1H OCEAN,legacy_import,154899.0,3.387434554973822,0.22540727163685054,2.2973821989528798
101441,-123.36,37.51,22,9887,2054.406714683701,2561,1159,3.9476,<1H OCEAN,survey_2023,186519.0,8.530629853321829,0.20778868359297067,2.209663503019845
100830,-122.05,37.07,25,350,102.16696445036185,249,96,3.314,NEAR OCEAN,survey_2023,194803.0,3.6458333333333335,0.29190561271531956,2.59375
100426,-119.88,33.6,14,7163,2486.7126996938123,3286,1490,1.2174,NEAR OCEAN,legacy_import,84081.0,4.8073825503355705,0.3471607845447176,2.2053691275167786
101758,-123.2,36.58,42,7939,2255.941772708136,3725,1093,0.8967,<1H OCEAN,survey_2023,80615.0,7.263494967978042,0.2841594372979136,3.4080512351326626
101329,-119.32,38.88,7,3190,756.8002551557518,1849,576,5.7791,<1H OCEAN,survey_2023,258223.0,5.538194444444445,0.23724145929647392,3.2100694444444446
100779,-117.89,34.49,51,188,64.75823876299972,79,23,2.3971,NEAR OCEAN,survey_2023,144522.0,8.173913043478262,0.3444587168244666,3.4347826086956523
100572,-120.33,35.55,49,3835,705.3224626294872,2516,1260,4.5436,<1H OCEAN,legacy_import,220242.0,3.0436507936507935,0.18391720016414267,1.9968253968253968
101793,-117.5,39.52,8,2950,537.4211869678147,1656,435,1.9845,INLAND,legacy_import,140075.0,6.781609195402299,0.18217667354841177,3.806896551724138
100034,-114.64,38.28,19,6227,1422.8748767602026,2107,784,5.8758,<1H OCEAN,survey_2023,289232.0,7.942602040816326,0.22850086345916212,2.6875
100410,-121.11,39.04,11,1012,277.75177446953865,1143,295,5.8716,<1H OCEAN,survey_2023,254822.0,3.4305084745762713,0.2744582751675283,3.8745762711864407
100217,-116.84,35.17,3,8634,1613.1428208916527,2950,1434,1.9368,<1H OCEAN,survey_2023,155700.0,6.02092050209205,0.18683609229692527,2.0571827057182706
101120,-115.41,35.07,40,1265,421.2807327725116,714,221,9.3921,INLAND,survey_2023,350587.0,5.723981900452489,0.33302824725099733,3.230769230769231
101650,-123.94,39.81,17,704,116.87296370255984,446,151,4.5006,NEAR OCEAN,survey_2023,239005.0,4.662251655629139,0.16601273253204524,2.9536423841059603
100259,-123.33,36.63,35,5565,1155.9242687718893,2263,645,1.7202,INLAND,survey_2023,61332.0,8.627906976744185,0.20771325584400527,3.508527131782946
101195,-115.58,37.3,7,3140,786.3565150567276,2276,780,5.1573,NEAR OCEAN,legacy_import,240910.0,4.0256410256410255,0.25043201116456293,2.917948717948718
101246,-122.99,37.25,49,6541,1063.3712572968998,4549,1394,1.7986,NEAR OCEAN,legacy_import,141785.0,4.692252510760402,0.162570135651567,3.263271162123386
101206,-117.47,40.66,33,7435,1610.2735582798905,2866,830,5.777,<1H OCEAN,survey_2023,251356.0,8.957831325301205,0.216580169237376,3.4530120481927713
101106,-120.34,39.37,15,9012,2703.377321767363,1762,1040,1.2183,INLAND,survey_2023,35557.0,8.665384615384616,0.29997529091959196,1.6942307692307692
100007,-115.64,39.88,25,6659,1421.5848068834816,4426,1483,3.7446,NEAR OCEAN,legacy_import,207702.0,4.490222521915037,0.21348322674327702,2.9844908968307484
100328,-120.1,38.55,27,4263,1069.0063951421182,1656,785,3.4758,NEAR OCEAN,survey_2023,184607.0,5.430573248407644,0.25076387406570916,2.1095541401273885
100899,-123.44,32.86,9,5324,858.5162365998237,1863,666,4.5439,<1H OCEAN,survey_2023,256852.0,7.993993993993994,0.1612539888429421,2.7972972972972974
101084,-114.85,39.16,48,7401,2029.5532138846183,3007,832,4.9701,NEAR OCEAN,legacy_import,261835.0,8.895432692307692,0.2742268901343897,3.6141826923076925
101417,-123.08,38.72,33,7661,2394.9296474495354,2913,925,0.7408,NEAR OCEAN,survey_2023,93651.0,8.282162162162162,0.31261318985113373,3.149189189189189
100020,-118.18,41.65,23,1829,404.8568490242638,1000,474,2.0854,NEAR BAY,survey_2023,130331.0,3.8586497890295357,0.22135420941731207,2.109704641350211
100740,-119.67,35.97,19,5041,1653.7630533739166,3393,1181,1.3848,<1H OCEAN,survey_2023,164009.0,4.268416596104996,0.32806249818962835,2.8729889923793395
101804,-120.8,34.97,33,7078,1680.4286902348692,2574,1366,2.3356,INLAND,legacy_import,83617.0,5.181551976573939,0.23741575165793574,1.884333821376281
101831,-118.28,40.18,3,3505,1101.768870266499,1633,546,2.1016,<1H OCEAN,legacy_import,159931.0,6.41941391941392,0.3143420457251067,2.990842490842491
101880,-117.41,37.27,4,985,205.46874184073343,707,201,5.0654,<1H OCEAN,survey_2023,276835.0,4.900497512437811,0.20859770745252124,3.517412935323383
101789,-119.12,41.82,50,8019,1015.5418559096522,4948,1380,1.9734,NEAR BAY,survey_2023,147368.0,5.810869565217391,0.12664195734002398,3.5855072463768116
101210,-120.04,34.02,36,3123,796.0802234143815,847,366,8.6532,<1H OCEAN,survey_2023,394696.0,8.532786885245901,0.25490881313300723,2.314207650273224
100501,-118.94,39.76,39,4811,1576.2704841110988,3111,806,1.518,<1H OCEAN,legacy_import,106299.0,5.9689826302729525,0.3276388451696318,3.859801488833747
101808,-122.56,32.98,25,1947,517.0732309762236,889,259,1.6798,INLAND,survey_2023,67657.0,7.517374517374518,0.26557433537556424,3.4324324324324325
100953,-115.16,36.89,21,10613,2749.4412926022114,2624,1214,3.2891,INLAND,survey_2023,157186.0,8.742174629324547,0.2590635345898626,2.161449752883031
101323,-122.11,38.05,10,248,78.328110645191,101,59,1.2556,NEAR OCEAN,legacy_import,128061.0,4.203389830508475,0.3158391558273831,1.7118644067796611
101705,-123.24,40.91,10,5033,1206.4653180956066,1137,583,0.7331,NEAR OCEAN,survey_2023,56786.0,8.632933104631217,0.23971097120914098,1.9502572898799313
101297,-123.25,33.2,22,1541,454.80400074116136,541,240,0.5,NEAR BAY,survey_2023,84057.0,6.420833333333333,0.29513562669770366,2.254166666666667
101855,-121.78,33.23,32,4552,1011.1536623871892,1346,783,1.8698,NEAR OCEAN,survey_2023,147721.0,5.813537675606641,0.22213393286186056,1.719029374201788
100441,-114.43,37.65,25,7922,1207.2150424474069,5829,1485,1.8574,INLAND,survey_2023,77429.0,5.334680134680134,0.1523876599908365,3.9252525252525254
101921,-124.27,36.3,34,197,44.24350380152448,120,31,2.3137,<1H OCEAN,survey_2023,70696.0,6.354838709677419,0.22458631371332224,3.870967741935484
100172,-119.18,34.16,2,769,186.18927057530632,317,121,3.1711,INLAND,survey_2023,118634.0,6.355371900826446,0.24211868735410444,2.6198347107438016
101425,-114.65,38.39,41,3265,959.1388355188132,2506,674,1.86,<1H OCEAN,survey_2023,139029.0,4.844213649851632,0.2937638087347054,3.7181008902077153
100470,-124.18,34.66,17,1325,1015.5418559096522,525,181,1.6051,INLAND,survey_2023,134148.0,7.320441988950276,0.7664466837053979,2.9005524861878453
101508,-118.22,40.55,52,187,40.13548111411751,122,31,7.4137,<1H OCEAN,survey_2023,343309.0,6.032258064516129,0.2146282412519653,3.935483870967742
100185,-117.7,41.41,37,4588,1324.5203449483622,3400,872,1.8887,INLAND,survey_2023,96748.0,5.261467889908257,0.28869231581263344,3.8990825688073394
100237,-124.06,34.26,14,1950,471.8196651771958,1442,609,2.6633,<1H OCEAN,legacy_import,202455.0,3.2019704433497536,0.24195880265497222,2.367816091954023
101918,-120.38,38.88,5,3895,1214.833817031169,2740,1110,0.5,INLAND,survey_2023,21143.0,3.509009009009009,0.3118957168244336,2.4684684684684686
101384,-117.73,32.82,26,1838,337.16166479248693,870,399,4.7259,<1H OCEAN,survey_2023,212546.0,4.606516290726817,0.18343942589362727,2.180451127819549
100375,-121.11,35.12,38,12804,3167.5127982155773,2768,1486,1.3323,<1H OCEAN,legacy_import,88646.0,8.6164199192463,0.24738462966382202,1.8627187079407805
100596,-117.62,35.08,5,4590,1056.337488202174,2610,695,0.5,NEAR BAY,legacy_import,64470.0,6.60431654676259,0.23013888631855642,3.7553956834532376
100351,-115.74,41.18,13,4326,1061.5552073071854,1531,891,7.2998,INLAND,legacy_import,256219.0,4.8552188552188555,0.24538955323790693,1.718294051627385
101784,-117.71,40.11,37,10397,1943.4638136895733,5720,1452,4.4158,NEAR BAY,survey_2023,241326.0,7.160468319559229,0.18692544134746306,3.9393939393939394
101767,-119.54,36.62,25,1295,222.42812421266729,435,207,2.2632,NEAR BAY,survey_2023,168592.0,6.256038647342995,0.17175916927619095,2.101449275362319
100051,-116.55,37.1,22,1775,385.2400108726628,1526,569,2.3399,NEAR OCEAN,legacy_import,149655.0,3.1195079086115993,0.2170366258437537,2.6818980667838312
100036,-121.25,33.58,6,2473,789.7556496557465,2662,733,3.8192,<1H OCEAN,legacy_import,193627.0,3.373806275579809,0.3193512533990079,3.631650750341064
101638,-114.38,35.27,5,3087,823.8887535219279,1586,619,7.2988,INLAND,survey_2023,307569.0,4.987075928917609,0.26688978086230253,2.5621970920840065
101644,-123.41,39.73,37,6466,1727.7174338099398,4641,1271,4.2096,NEAR OCEAN,legacy_import,218981.0,5.087332808811959,0.26720034547014226,3.6514555468135326
100298,-118.07,33.53,46,2475,604.1017716360707,1322,643,3.0357000000000003,NEAR OCEAN,survey_2023,251214.0,3.849144634525661,0.24408152389336188,2.055987558320373
101960,-123.12,37.95,37,2505,598.0882080839438,2322,603,3.239,NEAR BAY,survey_2023,204758.0,4.154228855721393,0.23875776769818113,3.8507462686567164
100278,-117.28,38.52,45,12217,2203.1718716991386,3554,1492,5.2501,INLAND,survey_2023,208845.0,8.18833780160858,0.1803365696733354,2.3820375335120643
101660,-118.29,37.34,35,5703,1728.9506188653631,3266,1154,2.1303,<1H OCEAN,legacy_import,93087.0,4.941941074523397,0.3031651093924887,2.830155979202773
101991,-122.71,34.51,35,3932,1286.1106832688877,1657,760,9.0053,<1H OCEAN,survey_2023,395306.0,5.173684210526316,0.3270881697021586,2.180263157894737
100967,-121.33,37.84,45,9639,2106.166817501645,2861,1169,2.5185,<1H OCEAN,survey_2023,113696.0,8.245508982035927,0.2185047014733525,2.4473909324208725
100882,-124.1,34.47,45,11632,3987.966707742243,2449,1398,4.692,<1H OCEAN,survey_2023,184045.0,8.320457796852647,0.3428444556174556,1.751788268955651
101374,-121.83,40.24,27,8248,1833.1373482745232,3424,1178,2.7857,<1H OCEAN,survey_2023,173312.0,7.00169779286927,0.22225234581407896,2.9066213921901527
100804,-120.06,37.45,42,7772,2471.5402239201244,1881,931,1.2562,<1H OCEAN,survey_2023,92828.0,8.348012889366272,0.3180056901595631,2.020408163265306
100977,-123.79,32.61,18,2915,607.169006210675,609,385,0.5,<1H OCEAN,survey_2023,80607.0,7.571428571428571,0.2082912542746741,1.5818181818181818
101520,-123.7,34.68,33,2751,639.7267432410831,1126,371,1.8879,NEAR OCEAN,survey_2023,112467.0,7.415094339622642,0.232543345416606,3.035040431266846
101552,-116.11,38.02,6,9559,1015.5418559096522,4574,1355,2.5719,<1H OCEAN,survey_2023,157411.0,7.054612546125461,0.10623934050733887,3.3756457564575646
101973,-119.12,39.24,50,6710,2094.421900175156,3281,1091,1.1355,INLAND,survey_2023,48723.0,6.15032080659945,0.3121344113524823,3.007332722273144
100450,-116.53,35.07,42,9434,1621.133087195744,1779,1063,6.0129,INLAND,survey_2023,292212.0,8.874882408278458,0.17183941988506934,1.6735653809971778
100146,-118.2,36.86,16,7223,2026.5109169704824,2049,1255,0.816,INLAND,survey_2023,47596.0,5.755378486055777,0.2805636047307881,1.6326693227091633
100325,-116.92,41.57,51,9286,2570.127906807921,2902,1215,3.3652,NEAR OCEAN,legacy_import,152743.0,7.642798353909465,0.2767744892104158,2.388477366255144
101796,-117.14,37.56,10,2848,706.8347138730587,707,382,8.3074,NEAR BAY,survey_2023,369658.0,7.455497382198953,0.24818634616329308,1.850785340314136
101028,-121.11,38.88,29,3456,1015.5418559096522,1662,555,1.8719,<1H OCEAN,survey_2023,113701.0,6.227027027027027,0.29384891664052437,2.9945945945945946
101033,-123.09,33.46,11,272,85.24917307682811,210,84,1.0838,INLAND,survey_2023,81708.0,3.238095238095238,0.31341607748833866,2.5
101301,-114.94,41.97,34,6643,1675.6392791824355,2744,1228,6.9312,<1H OCEAN,survey_2023,276374.0,5.409609120521172,0.25224134866512654,2.234527687296417
100284,-118.52,33.83,20,488,131.47676632357286,257,147,0.8591,<1H OCEAN,survey_2023,87420.0,3.3197278911564627,0.2694196031220755,1.748299319727891
101340,-121.72,40.95,32,5212,1516.7141608995255,3262,949,1.9235,NEAR OCEAN,survey_2023,159203.0,5.492096944151739,0.29100425189937174,3.4373024236037937
101908,-121.03,37.94,37,9210,1699.1604272380648,3487,1227,1.3032,<1H OCEAN,survey_2023,86885.0,7.506112469437653,0.18449081728969216,2.841890790546047
100206,-123.29,35.16,14,6366,1959.974204918511,2837,1291,1.2492,<1H OCEAN,legacy_import,87772.0,4.931061192873742,0.30788159046787794,2.197521301316809
101729,-118.15,38.15,1,2056,379.72757362481104,1574,420,3.6356,<1H OCEAN,survey_2023,171608.0,4.895238095238096,0.18469239962296258,3.7476190476190476
101843,-118.17,36.37,12,5609,1015.5418559096522,1609,626,3.2255,NEAR OCEAN,survey_2023,155310.0,8.960063897763579,0.18105577748433807,2.570287539936102
101823,-116.55,35.62,18,6356,1037.0039890137127,1954,988,0.5568,<1H OCEAN,survey_2023,68679.0,6.433198380566802,0.16315355396691517,1.9777327935222673
101334,-114.55,40.96,45,9841,3409.6316907114665,2838,1146,0.5,<1H OCEAN,survey_2023,60939.0,8.587260034904014,0.346472075064675,2.4764397905759163
101457,-117.53,39.06,17,10464,3509.191332299785,4441,1172,3.5779,NEAR BAY,survey_2023,205069.0,8.928327645051194,0.33535849888186015,3.789249146757679
100561,-122.17,39.22,18,5162,1060.6082052806166,1735,593,4.05,NEAR OCEAN,survey_2023,240614.0,8.704890387858347,0.20546458839221554,2.9258010118043845
100447,-116.77,34.35,38,4428,1495.261453692669,1368,587,0.5,<1H OCEAN,survey_2023,92793.0,7.543441226575809,0.33768325512481234,2.3304940374787053
100587,-123.01,38.98,28,3497,733.2446107557945,1141,475,0.5,<1H OCEAN,survey_2023,60387.0,7.362105263157895,0.20967818437397612,2.4021052631578947
100672,-123.5,39.28,47,349,55.68308548727207,310,111,0.7403,<1H OCEAN,survey_2023,74785.0,3.144144144144144,0.1595503882156793,2.7927927927927927
101939,-123.53,36.47,43,1122,232.0360331447043,689,176,2.3308,<1H OCEAN,legacy_import,165007.0,6.375,0.20680573364055643,3.914772727272727
100734,-120.71,41.46,41,1140,287.78034070119014,974,271,2.6395,<1H OCEAN,survey_2023,166641.0,4.206642066420664,0.25243889535192116,3.5940959409594098
100876,-117.14,37.23,16,10295,2473.9128766547524,5038,1363,1.4859,<1H OCEAN,survey_2023,120633.0,7.553191489361702,0.24030236781493466,3.6962582538517976
101618,-118.72,40.06,13,7989,1015.5418559096522,2904,1007,11.1036,<1H OCEAN,survey_2023,500001.0,7.933465739821251,0.12711751857674955,2.8838133068520357
100141,-121.78,37.64,13,553,136.90659736171412,196,75,0.7883,<1H OCEAN,survey_2023,110153.0,7.373333333333333,0.24757070047326243,2.6133333333333333
100838,-118.49,39.73,11,2645,629.009058134288,1016,430,3.7927,<1H OCEAN,legacy_import,185333.0,6.151162790697675,0.23781060799027903,2.3627906976744186
100374,-123.59,38.89,52,3814,658.0764716008678,2063,1218,1.2527,INLAND,survey_2023,80478.0,3.1313628899835795,0.1725423365497818,1.69376026272578
101975,-114.89,41.09,28,2731,793.6009028417894,1697,512,5.3501,NEAR BAY,survey_2023,311261.0,5.333984375,0.29058985823573397,3.314453125
101978,-115.57,32.98,12,8656,1590.210504263731,3076,987,2.218,NEAR OCEAN,legacy_import,174071.0,8.77001013171226,0.18371193441124434,3.116514690982776
101138,-119.49,37.45,25,2561,878.7056189732357,2050,692,1.0757,<1H OCEAN,survey_2023,71046.0,3.7008670520231215,0.34311035492902603,2.96242774566474
100565,-118.4,35.31,33,8597,2771.1191294628347,3747,993,0.5,INLAND,survey_2023,15000.0,8.657603222557904,0.3223355972389013,3.773413897280967
100562,-122.94,32.98,44,11115,2123.5882327655945,2388,1380,3.0377,<1H OCEAN,survey_2023,144967.0,8.054347826086957,0.19105607132394012,1.7304347826086957
101874,-116.97,32.9,15,10549,1711.427312761654,3691,1258,1.7105,NEAR BAY,legacy_import,72302.0,8.385532591414945,0.1622359761836813,2.9340222575516695
100901,-124.03,39.77,15,9246,2825.3954436054287,4754,1322,2.296,INLAND,legacy_import,152672.0,6.993948562783661,0.3055802988974074,3.59606656580938
100824,-118.93,35.56,37,1641,293.41748151256775,1220,423,3.0255,INLAND,survey_2023,111806.0,3.879432624113475,0.17880407161033987,2.884160756501182
101170,-118.13,38.72,25,1745,449.234016820288,827,296,2.1399,<1H OCEAN,legacy_import,152335.0,5.89527027027027,0.2574406973182166,2.793918918918919
101345,-120.05,39.31,17,1535,301.75430765570525,1218,495,4.7349,INLAND,legacy_import,220145.0,3.101010101010101,0.1965826108506223,2.4606060606060605
101298,-117.94,36.07,3,2115,348.81140079806204,1154,374,3.7691,INLAND,survey_2023,141966.0,5.6550802139037435,0.16492264813147142,3.085561497326203
100688,-116.61,37.18,40,2610,462.63675314178334,1608,832,0.968,INLAND,survey_2023,75238.0,3.137019230769231,0.17725546097386335,1.9326923076923077
101150,-117.22,38.49,20,850,172.73348275095205,787,245,1.9121,<1H OCEAN,survey_2023,81681.0,3.4693877551020407,0.20321586205994357,3.2122448979591836
101847,-122.33,37.84,26,4027,1099.5122266166848,2695,925,4.9591,<1H OCEAN,survey_2023,226815.0,4.353513513513514,0.27303506993212934,2.9135135135135135
100514,-123.85,38.45,44,10662,1701.263590589945,4986,1275,1.6719,<1H OCEAN,legacy_import,175213.0,8.362352941176471,0.15956327054867236,3.9105882352941177
101088,-114.39,38.04,3,508,123.560040972928,243,78,1.8173,<1H OCEAN,survey_2023,156434.0,6.512820512820513,0.24322842711206297,3.1153846153846154
100479,-119.07,40.05,9,5285,833.9639147731798,5124,1386,3.2185,INLAND,survey_2023,188298.0,3.813131313131313,0.15779828094099901,3.696969696969697
100179,-122.92,37.37,31,4670,1207.472752412326,2013,785,1.1039,INLAND,survey_2023,75853.0,5.949044585987261,0.25855947589129036,2.564331210191083
100905,-115.37,33.02,45,5138,936.5504450745492,1532,724,1.1863,<1H OCEAN,legacy_import,69473.0,7.096685082872928,0.18227918354895858,2.116022099447514
101828,-116.31,40.49,13,2664,755.3771917527785,1008,421,0.5487,INLAND,legacy_import,72732.0,6.327790973871734,0.28354999690419613,2.3942992874109263
101344,-116.87,37.0,50,9485,1015.5418559096522,3415,1162,2.8364,INLAND,legacy_import,168022.0,8.162650602409638,0.10706819777645253,2.9388984509466436
101304,-117.21,34.59,1,5195,887.6541199309767,1739,688,1.0245,INLAND,survey_2023,63770.0,7.550872093023256,0.17086701057381648,2.5276162790697674
100737,-116.13,37.67,43,507,86.86759510464793,156,99,5.1172,INLAND,survey_2023,240023.0,5.121212121212121,0.171336479496347,1.5757575757575757
101259,-118.48,41.01,51,4425,1178.5973498841513,1893,1128,2.1539,<1H OCEAN,survey_2023,149473.0,3.922872340425532,0.26634968358963873,1.678191489361702
101586,-117.35,36.81,44,5245,1181.688214916514,3386,977,4.1632,<1H OCEAN,legacy_import,277415.0,5.368474923234391,0.22529803906892545,3.465711361310133
100372,-123.36,39.08,6,7742,1729.7397148166417,4160,1406,4.1977,<1H OCEAN,survey_2023,186170.0,5.5064011379800855,0.223422851306722,2.9587482219061165
100701,-123.78,41.77,16,5586,1933.186511505564,2589,1079,1.7681,<1H OCEAN,survey_2023,140329.0,5.177015755329008,0.34607706972888724,2.3994439295644114
100603,-123.41,35.52,15,6292,1437.422684234066,2987,837,1.105,INLAND,survey_2023,68128.0,7.5173237753882916,0.2284524291535388,3.5686977299880525
100691,-120.05,38.15,28,5661,1891.945132446632,2517,1368,5.4838,<1H OCEAN,legacy_import,238749.0,4.1381578947368425,0.3342068773090677,1.8399122807017543
100738,-119.91,41.65,22,1663,459.3755490785109,2061,526,5.9734,NEAR BAY,survey_2023,309082.0,3.161596958174905,0.27623304213981414,3.918250950570342
101128,-120.57,41.54,34,5633,1468.3459701056415,1014,659,10.8853,<1H OCEAN,survey_2023,495757.0,8.547799696509863,0.2606685549628336,1.5386949924127467
100071,-122.31,37.43,31,6107,1254.3650673779373,1276,764,3.0357000000000003,<1H OCEAN,survey_2023,500001.0,7.9934554973821985,0.20539791507744184,1.6701570680628273
101196,-114.57,41.44,1,5975,1754.8972850991934,2545,732,0.8016,INLAND,survey_2023,46068.0,8.162568306010929,0.29370665859400724,3.476775956284153
101238,-114.62,38.35,42,6519,1825.9501917230727,2074,923,5.8128,<1H OCEAN,legacy_import,307586.0,7.062838569880824,0.2800966699989374,2.247020585048754
101281,-117.28,34.24,51,2659,608.1642971064995,862,531,0.7414,<1H OCEAN,legacy_import,100367.0,5.007532956685499,0.2287191790547196,1.6233521657250471
101986,-117.02,33.41,26,334,76.83850409528728,114,46,8.1869,NEAR OCEAN,survey_2023,411621.0,7.260869565217392,0.23005540148289605,2.4782608695652173
100828,-116.92,36.57,41,9210,1646.0162206559785,2049,1254,3.2248,NEAR BAY,survey_2023,212266.0,7.344497607655502,0.1787205451309423,1.6339712918660287
101926,-118.42,38.23,48,1921,288.63286079030223,1575,412,10.8094,INLAND,survey_2023,442183.0,4.662621359223301,0.15025135907876222,3.8228155339805827
101278,-122.88,35.67,11,5209,799.5768613710909,1582,798,3.6458,NEAR OCEAN,survey_2023,184521.0,6.527568922305765,0.1534991094972338,1.9824561403508771
100200,-117.88,41.78,22,7114,1391.6725554441628,3091,1156,0.854,ISLAND,survey_2023,84510.0,6.153979238754325,0.1956244806640656,2.6738754325259517
101817,-116.61,40.32,16,391,115.47794658322968,196,90,3.6782,INLAND,survey_2023,207786.0,4.344444444444444,0.29534001683690453,2.1777777777777776
100299,-123.45,35.72,3,8230,1720.4456987682934,2927,1249,6.0368,<1H OCEAN,legacy_import,300533.0,6.589271417133707,0.20904564991109276,2.343474779823859
101133,-122.1,37.67,34,1955,346.72894215544136,971,249,4.0233,NEAR BAY,survey_2023,228111.0,7.85140562248996,0.17735495762426667,3.8995983935742973
100454,-123.19,38.01,18,3128,490.961484025224,1063,374,2.295,<1H OCEAN,legacy_import,112450.0,8.363636363636363,0.1569569961717468,2.842245989304813
100262,-122.9,40.98,19,3842,1338.1033215030025,2979,1188,3.3721,<1H OCEAN,survey_2023,212330.0,3.234006734006734,0.34828300924076067,2.507575757575758
101702,-121.18,35.52,8,151,37.67000995843086,89,34,2.1396,<1H OCEAN,survey_2023,147545.0,4.4411764705882355,0.24947026462536995,2.6176470588235294
100789,-114.83,41.95,23,4457,1288.4769141884988,4847,1217,4.7598,<1H OCEAN,survey_2023,282956.0,3.6622843056696794,0.28909062467769775,3.9827444535743632
100412,-114.79,37.11,41,6083,2050.7883886252275,1266,806,5.2495,INLAND,legacy_import,229756.0,7.5471464019851116,0.33713437261634516,1.5707196029776676
100857,-119.58,32.87,49,3582,873.6889971049669,2294,1097,3.3528,INLAND,survey_2023,142177.0,3.2652689152233365,0.24391094279870656,2.091157702825889
100116,-116.26,36.68,40,2027,643.4180933283761,457,249,0.9493,NEAR OCEAN,survey_2023,105296.0,8.140562248995984,0.3174238250263326,1.8353413654618473
101844,-114.87,34.03,2,1118,198.311154313937,737,207,1.9843,<1H OCEAN,survey_2023,111800.0,5.400966183574879,0.17738028113947854,3.5603864734299515
101631,-120.82,33.94,6,1414,1015.5418559096522,620,335,7.2957,<1H OCEAN,legacy_import,341686.0,4.2208955223880595,0.7182049900351147,1.8507462686567164
100004,-122.74,35.08,52,896,251.5316509278809,615,215,6.5806,INLAND,survey_2023,319609.0,4.167441860465116,0.28072728898200994,2.86046511627907
100341,-119.57,33.17,8,4568,1285.173333013915,2928,1366,2.408,NEAR OCEAN,survey_2023,175024.0,3.34407027818448,0.2813426736019954,2.143484626647145
100046,-121.18,33.14,5,537,174.71293530033708,379,122,4.9708,INLAND,survey_2023,215172.0,4.401639344262295,0.32534997262632603,3.1065573770491803
101315,-117.86,38.79,16,7433,1358.876211802337,2352,1033,3.7828,INLAND,legacy_import,180745.0,7.195546950629235,0.1828166570432311,2.276863504356244
101948,-121.02,34.05,12,9382,2115.356644038944,4002,1402,5.9715,<1H OCEAN,survey_2023,291958.0,6.6918687589158345,0.2254696913279625,2.854493580599144
101787,-118.16,36.91,35,7078,2046.1514461904544,3749,992,2.9116,INLAND,legacy_import,161879.0,7.13508064516129,0.28908610429364995,3.779233870967742
100788,-119.68,41.54,18,5343,1015.5418559096522,2065,621,3.0337,<1H OCEAN,legacy_import,181181.0,8.603864734299517,0.1900695968387895,3.325281803542673
101562,-116.49,33.04,14,5720,1327.0186293435872,2421,955,4.2116,<1H OCEAN,survey_2023,218768.0,5.989528795811518,0.23199626387125652,2.5350785340314137
101363,-117.98,35.01,26,763,233.42431619713977,363,117,0.743,INLAND,survey_2023,15000.0,6.521367521367521,0.3059296411495934,3.1025641025641026
101623,-114.72,40.8,52,6771,2353.2148294540334,3682,1337,0.5,INLAND,survey_2023,15000.0,5.06432311144353,0.3475431737489342,2.7539267015706805
100517,-116.19,37.03,36,5952,1305.83189565967,4774,1300,2.1623,INLAND,survey_2023,59672.0,4.578461538461538,0.2193937996740037,3.6723076923076925
101964,-118.58,32.61,43,1636,309.0587759411298,540,301,7.326,<1H OCEAN,legacy_import,342681.0,5.4352159468438535,0.1889112322378544,1.7940199335548173
101251,-119.48,33.6,21,8225,1015.5418559096522,1564,920,0.5,INLAND,survey_2023,49209.0,8.940217391304348,0.12347013445710057,1.7
101494,-118.27,38.76,18,8062,1015.5418559096522,4842,1355,5.2768,NEAR BAY,survey_2023,306338.0,5.949815498154981,0.12596649167820048,3.573431734317343
100194,-120.91,33.55,37,2690,668.6398908339233,1305,595,4.8256,INLAND,legacy_import,215234.0,4.5210084033613445,0.24856501517989715,2.19327731092437
101600,-122.38,33.84,17,4579,1335.8634654862851,1491,832,4.144,<1H OCEAN,survey_2023,243585.0,5.503605769230769,0.29173694376201903,1.7920673076923077
100928,-117.97,39.67,41,1427,290.5357800104541,700,184,0.9376,INLAND,survey_2023,80294.0,7.755434782608695,0.20359900491272187,3.8043478260869565
101513,-124.12,40.26,46,2302,439.719457115639,1097,370,6.1918,NEAR OCEAN,survey_2023,271961.0,6.221621621621622,0.19101627155327497,2.964864864864865
101205,-116.6,40.46,32,8446,1910.0769046811552,3236,1041,6.3908,NEAR BAY,survey_2023,329113.0,8.113352545629203,0.22615165814363666,3.108549471661864
100360,-120.42,32.61,15,4870,1180.5999347115066,2316,928,0.7505,<1H OCEAN,survey_2023,29629.0,5.247844827586207,0.24242298454035044,2.4956896551724137
100983,-123.55,40.26,19,97,31.179633192156345,88,23,2.9825,INLAND,survey_2023,139148.0,4.217391304347826,0.3214395174449108,3.8260869565217392
101807,-122.45,35.8,40,10584,1609.967954805848,2822,1355,7.6295,NEAR BAY,legacy_import,361448.0,7.811070110701107,0.15211337441476266,2.082656826568266
101819,-120.48,37.03,12,40,12.570035599110737,21,10,1.801,NEAR BAY,legacy_import,160938.0,4.0,0.3142508899777684,2.1
100879,-122.08,34.27,18,5214,1101.3629101836816,2119,1334,7.1622,<1H OCEAN,survey_2023,373688.0,3.9085457271364317,0.21123185849322623,1.588455772113943
101737,-122.35,39.64,6,6162,1966.4705815641007,2632,686,4.4486,INLAND,survey_2023,189707.0,8.982507288629737,0.319128624077264,3.836734693877551
100330,-120.74,34.95,43,1915,316.2582841485437,1770,484,4.5312,NEAR BAY,survey_2023,252803.0,3.956611570247934,0.16514792905929174,3.65702479338843
100419,-116.78,36.19,47,5144,1082.4884526874,1367,764,1.9954,NEAR OCEAN,legacy_import,185707.0,6.732984293193717,0.21043710199988336,1.7892670157068062
101075,-120.02,40.73,11,5323,1784.4548873166598,1630,943,1.4953,INLAND,survey_2023,97547.0,5.644750795334041,0.33523480881395074,1.728525980911983
100109,-123.53,41.84,42,2487,734.0412939955338,969,335,3.3556,<1H OCEAN,survey_2023,183235.0,7.423880597014925,0.2951513043809947,2.8925373134328356
100810,-114.45,34.85,6,2837,571.2265952103681,1451,500,0.98,<1H OCEAN,legacy_import,87447.0,5.674,0.20134881748691158,2.902
101139,-118.38,33.15,38,5439,1122.1038939345833,2741,820,3.0887,<1H OCEAN,survey_2023,146645.0,6.632926829268293,0.2063070222347092,3.3426829268292684
101151,-115.93,34.86,21,5083,1362.7622716368855,1293,718,0.8424,<1H OCEAN,survey_2023,85018.0,7.079387186629527,0.2681019617621258,1.8008356545961002
101954,-114.32,34.7,36,6964,1234.8104155123567,5293,1466,7.0219,INLAND,survey_2023,320752.0,4.750341064120055,0.17731338534066007,3.610504774897681
101305,-115.59,35.83,52,5115,768.716366815912,2462,774,4.629,NEAR OCEAN,survey_2023,218550.0,6.608527131782946,0.15028667972940607,3.1808785529715764
100397,-120.01,32.74,37,7511,1429.259123666708,3077,1196,5.3255,INLAND,survey_2023,197090.0,6.280100334448161,0.19028879292593637,2.572742474916388
101261,-116.32,37.32,20,10545,2523.303079078039,3767,1222,1.4589,<1H OCEAN,legacy_import,141791.0,8.629296235679215,0.23928905444078133,3.0826513911620292
100095,-119.36,40.03,50,12147,1015.5418559096522,3752,1495,3.0677,INLAND,legacy_import,129783.0,8.125083612040134,0.08360433489006769,2.5096989966555183
101401,-122.62,33.4,7,7358,1865.079290640783,2639,1246,3.3799,<1H OCEAN,legacy_import,183940.0,5.90529695024077,0.253476391769609,2.1179775280898876
101283,-124.2,40.88,42,8978,2108.305320232623,4103,1297,1.6391,NEAR BAY,legacy_import,123279.0,6.922127987663839,0.2348301760116533,3.1634541249036237
100019,-121.39,38.81,19,931,168.36627402407694,227,141,6.5117,<1H OCEAN,survey_2023,270747.0,6.602836879432624,0.18084454782392798,1.6099290780141844
101167,-119.23,33.5,6,3488,1145.7175705660416,2490,851,5.8498,NEAR BAY,survey_2023,330990.0,4.098707403055229,0.3284740741301725,2.925969447708578
101048,-115.6,36.28,8,3175,617.6606974481809,1414,380,4.2113,INLAND,survey_2023,171648.0,8.355263157894736,0.19453880234588375,3.721052631578947
100528,-123.74,32.58,44,6055,1301.610429133559,2547,765,5.001,INLAND,legacy_import,205888.0,7.915032679738562,0.21496456302783798,3.3294117647058825
101547,-118.8,37.1,16,3581,921.6835152681748,1551,818,3.2927,NEAR OCEAN,survey_2023,191918.0,4.3777506112469435,0.2573816015828469,1.8960880195599021
101277,-114.43,37.11,22,6234,1655.6346252713638,2273,913,4.8376,<1H OCEAN,survey_2023,273411.0,6.828039430449069,0.2655814285003792,2.4895947426067906
100358,-114.9,37.57,51,3613,930.7919896823412,1735,454,2.28,NEAR OCEAN,survey_2023,206864.0,7.958149779735683,0.2576230250989043,3.8215859030837005
100430,-122.87,38.23,28,6240,1297.143869888166,1877,1076,3.0212,INLAND,survey_2023,163090.0,5.799256505576208,0.20787562017438557,1.7444237918215613
100829,-119.78,32.78,2,6985,1721.4005576134246,1813,1083,2.4823,<1H OCEAN,survey_2023,165498.0,6.449676823638042,0.24644245635124187,1.6740535549399815
100881,-117.58,40.62,25,4327,1014.9613382449376,3357,1105,3.1798,NEAR BAY,survey_2023,180151.0,3.915837104072398,0.2345646725779842,3.0380090497737555
100222,-123.36,33.42,5,2250,557.4594339185584,518,290,1.7912,INLAND,survey_2023,65653.0,7.758620689655173,0.24775974840824816,1.7862068965517242
100802,-118.54,41.47,40,11126,3494.675216291064,4062,1383,5.5528,<1H OCEAN,survey_2023,282041.0,8.044830079537238,0.31409987563284775,2.937093275488069
100731,-116.15,37.0,45,41,10.42866830052622,9,6,1.736,<1H OCEAN,survey_2023,104780.0,6.833333333333333,0.2543577634274688,1.5
101937,-116.05,34.02,51,7116,1234.8341114252191,1571,923,0.5,INLAND,survey_2023,20530.0,7.709642470205851,0.173529245562847,1.7020585048754062
100707,-116.2,35.02,13,2883,687.9068689333961,1769,508,2.7943,INLAND,survey_2023,167981.0,5.675196850393701,0.23860800171120228,3.482283464566929
100111,-122.69,34.42,4,7290,1015.5418559096522,1989,1077,9.168,INLAND,survey_2023,397760.0,6.768802228412256,0.13930615307402636,1.8467966573816157
100361,-117.87,36.51,31,1250,294.5855975808414,899,277,2.4345,INLAND,survey_2023,77806.0,4.512635379061372,0.23566847806467311,3.2454873646209386
101276,-121.88,40.51,29,3429,1087.3871221119716,1126,449,6.7927,NEAR BAY,survey_2023,371697.0,7.636971046770602,0.31711493791541895,2.507795100222717
100339,-123.32,36.48,43,4605,963.7045659003973,1303,694,4.1343,<1H OCEAN,legacy_import,210958.0,6.6354466858789625,0.20927352136816443,1.877521613832853
101592,-123.02,37.89,40,1048,355.999902957851,840,308,1.19,<1H OCEAN,legacy_import,70980.0,3.4025974025974026,0.3396945638910792,2.727272727272727
100313,-114.67,39.17,3,2017,331.795932821639,773,276,3.6824,NEAR BAY,survey_2023,206407.0,7.307971014492754,0.1644997188010109,2.800724637681159
100287,-118.87,35.65,32,7404,1660.514358505686,2006,890,2.7629,INLAND,survey_2023,121980.0,8.319101123595505,0.22427260379601377,2.253932584269663
101183,-114.98,34.87,9,6454,1015.5418559096522,1414,776,4.2573,NEAR OCEAN,survey_2023,199182.0,8.31701030927835,0.1573507678818798,1.8221649484536082
101229,-120.21,34.61,18,8888,1599.882981384123,3367,1217,1.9609,<1H OCEAN,legacy_import,154202.0,7.303204601479047,0.18000483588930277,2.7666392769104355
101972,-121.57,35.11,45,7122,1635.0371090848953,4661,1286,4.2385,INLAND,survey_2023,192920.0,5.538102643856921,0.22957555589509904,3.624416796267496
100948,-115.56,36.01,2,5569,1515.1709386707396,4484,1227,3.8969,NEAR OCEAN,legacy_import,216503.0,4.538712306438468,0.27207235386438133,3.6544417277913612
101116,-123.39,39.52,13,8483,1622.0687902568286,2049,1071,6.8244,INLAND,survey_2023,289086.0,7.920634920634921,0.19121405048412454,1.9131652661064427
101665,-115.79,36.66,38,672,163.74045096718126,751,198,3.3117,INLAND,survey_2023,167776.0,3.393939393939394,0.24366138536782925,3.792929292929293
100630,-117.17,38.51,45,1024,180.8392234982723,825,317,3.0357000000000003,NEAR OCEAN,survey_2023,171501.0,3.230283911671924,0.17660080419753155,2.6025236593059935
101568,-118.06,39.88,3,3123,517.2972533066696,1216,530,3.2836,INLAND,survey_2023,160671.0,5.892452830188679,0.1656411313822189,2.2943396226415094
100674,-120.2,40.96,43,3380,840.7350179592805,2806,793,3.6249,<1H OCEAN,legacy_import,214072.0,4.262295081967213,0.24873817099386997,3.5384615384615383
100353,-122.67,40.8,9,6446,1891.8669770662575,4897,1346,2.0832,<1H OCEAN,survey_2023,150262.0,4.789004457652303,0.2934947218532823,3.638187221396731
101736,-119.8,38.79,10,7732,1296.4681195539415,4679,1231,1.5785,NEAR OCEAN,survey_2023,134742.0,6.281072298943948,0.16767564919218075,3.8009748172217708
101731,-118.06,41.7,38,4943,1353.5750834427474,1768,777,4.7728,<1H OCEAN,survey_2023,241789.0,6.361647361647361,0.2738367557035702,2.2754182754182755
100017,-119.05,41.05,30,5597,1713.5860808911343,2533,691,5.962,<1H OCEAN,survey_2023,252090.0,8.09985528219971,0.30616152954996145,3.6657018813314037
100611,-116.31,32.54,29,4699,749.3784129260763,4682,1439,3.2972,<1H OCEAN,survey_2023,186314.0,3.26546212647672,0.1594761466112101,3.2536483669214733
101506,-118.5,41.75,19,5681,1254.2634790049008,2722,1054,1.5013,<1H OCEAN,survey_2023,110726.0,5.389943074003795,0.2207821649366134,2.5825426944971537
100669,-121.45,35.5,23,3023,1047.7809634689067,942,408,1.0945,INLAND,survey_2023,44697.0,7.409313725490196,0.3466030312500519,2.3088235294117645
100504,-117.45,34.4,26,1388,453.62218936962574,570,161,1.5749,NEAR OCEAN,survey_2023,148340.0,8.621118012422361,0.3268171393152923,3.540372670807453
101203,-121.06,40.66,27,6230,1909.6980069125505,4587,1202,1.7474,NEAR OCEAN,survey_2023,125159.0,5.183028286189684,0.30653258537922157,3.8161397670549086
101748,-116.7,36.32,21,6313,1785.0972901920643,3710,1005,8.4961,NEAR OCEAN,survey_2023,399178.0,6.281592039800995,0.2827652922845025,3.691542288557214
100635,-119.83,38.83,3,2578,637.3883626607025,582,351,4.2467,INLAND,survey_2023,188449.0,7.344729344729345,0.247241412979326,1.6581196581196582
101286,-123.42,36.18,31,1720,596.9630177625103,477,213,7.9776,INLAND,survey_2023,355989.0,8.075117370892018,0.34707152195494784,2.23943661971831
101674,-116.4,38.28,31,11548,2388.502416055977,4750,1366,1.8166,INLAND,survey_2023,90172.0,8.453879941434847,0.20683256114097479,3.4773060029282576
100054,-118.32,40.57,44,6212,1170.2960849346048,1861,830,1.4368,NEAR BAY,survey_2023,101838.0,7.48433734939759,0.18839280182463053,2.242168674698795
100263,-119.12,36.71,46,11401,3571.6373052162385,4299,1314,4.375,INLAND,survey_2023,143700.0,8.6765601217656,0.31327403782266805,3.271689497716895
100101,-117.94,37.56,28,6960,1757.9981254054655,2445,1063,4.313,INLAND,survey_2023,173413.0,6.547507055503292,0.25258593755825653,2.300094073377234
100275,-119.28,38.21,31,10552,1015.5418559096522,4138,1197,4.4004,INLAND,survey_2023,160588.0,8.815371762740185,0.09624164669348485,3.4569757727652464
100507,-116.07,36.67,41,497,163.651154875751,277,106,2.1761,NEAR OCEAN,legacy_import,148085.0,4.688679245283019,0.32927797761720523,2.6132075471698113
101104,-114.35,34.96,50,3077,482.0414560060068,986,463,3.4509,INLAND,survey_2023,168659.0,6.6457883369330455,0.1566595567130344,2.1295896328293735
100249,-115.77,33.59,45,2591,508.5680208121984,1169,302,0.5,INLAND,survey_2023,15000.0,8.579470198675496,0.19628252443542973,3.870860927152318
101397,-121.81,40.53,32,8461,2312.065805070576,4179,1153,3.9875,<1H OCEAN,survey_2023,233782.0,7.338248048568951,0.27326152996933883,3.624457935819601
101431,-119.14,41.91,46,7852,1757.8430548885176,2069,1017,1.6989,INLAND,survey_2023,89211.0,7.720747295968535,0.22387201412232777,2.0344149459193708
101244,-116.69,39.17,4,4365,1353.8716012337588,3200,1413,5.26,NEAR OCEAN,survey_2023,229342.0,3.089171974522293,0.31016531528837543,2.264685067232838
101820,-122.24,35.83,24,9342,2409.8147136218004,3590,1111,2.5473,<1H OCEAN,survey_2023,172800.0,8.408640864086408,0.25795490404857635,3.231323132313231
100344,-120.31,41.45,42,84,14.48899891661016,52,23,6.8792,INLAND,survey_2023,300884.0,3.652173913043478,0.17248808234059715,2.260869565217391
100649,-119.32,36.85,37,3451,949.556050289568,1882,566,4.1632,NEAR BAY,legacy_import,221950.0,6.097173144876325,0.27515388301639176,3.325088339222615
101467,-120.23,38.84,50,3112,580.8817894793839,1854,670,2.5573,NEAR OCEAN,survey_2023,185744.0,4.6447761194029855,0.18665867271188427,2.7671641791044777
100699,-119.49,39.84,8,506,97.32108769285573,116,68,1.8009,NEAR BAY,survey_2023,166771.0,7.4411764705882355,0.19233416540090065,1.7058823529411764
100571,-116.46,41.11,4,2963,552.2325017246307,1311,355,1.212,<1H OCEAN,survey_2023,103619.0,8.346478873239437,0.18637613963031746,3.692957746478873
100060,-120.41,33.09,31,3812,1015.5418559096522,1238,678,1.8843,<1H OCEAN,survey_2023,120007.0,5.622418879056047,0.2664065729038962,1.8259587020648969
100832,-122.89,33.63,41,1149,390.9146602425843,1190,354,1.0603,NEAR OCEAN,survey_2023,97489.0,3.2457627118644066,0.3402216364165225,3.361581920903955
100586,-123.54,33.18,39,2503,545.2362948757876,2236,794,3.4961,NEAR OCEAN,legacy_import,198950.0,3.152392947103275,0.2178331182084649,2.8161209068010074
100525,-119.61,35.15,45,2123,629.61596016016,1447,444,9.915,ISLAND,survey_2023,468560.0,4.781531531531532,0.2965689873575883,3.259009009009009
100363,-118.84,37.12,11,4041,827.2608052475744,3728,1051,2.4925,<1H OCEAN,legacy_import,209872.0,3.8449096098953377,0.20471685356287414,3.5470980019029494
100997,-122.93,35.44,36,3843,1109.147531829116,2590,801,7.746,INLAND,survey_2023,339905.0,4.797752808988764,0.28861502259409727,3.233458177278402
100210,-118.81,39.66,32,814,221.56650969836943,765,246,1.7624,<1H OCEAN,legacy_import,159579.0,3.3089430894308944,0.2721947293591762,3.1097560975609757
100281,-120.92,35.94,25,2645,921.4111790542104,1941,578,1.9491,<1H OCEAN,survey_2023,103941.0,4.576124567474048,0.3483596140091533,3.358131487889273
101435,-124.0,36.2,50,3459,681.3252438164318,1243,429,2.0332,<1H OCEAN,survey_2023,89308.0,8.062937062937063,0.1969717385997201,2.8974358974358974
100658,-117.84,34.51,25,2612,405.827460787436,618,346,4.1863,INLAND,survey_2023,192999.0,7.5491329479768785,0.1553703908068285,1.7861271676300579
100729,-122.66,37.1,46,8983,1744.1357190964018,3693,1116,5.6203,<1H OCEAN,legacy_import,270560.0,8.049283154121865,0.19415960359528017,3.3091397849462365
100945,-124.19,33.47,9,239,41.64464435446297,84,27,1.2561,INLAND,survey_2023,66946.0,8.851851851851851,0.1742453738680459,3.111111111111111
101247,-123.97,36.41,52,6116,2025.0585599197357,3293,857,2.8193,<1H OCEAN,survey_2023,163402.0,7.136522753792299,0.3311083322301726,3.842473745624271
101252,-123.13,38.25,26,2783,725.1771044364443,1414,564,2.5353,<1H OCEAN,survey_2023,139372.0,4.934397163120567,0.26057387870515425,2.50709219858156
101656,-118.76,35.73,38,5633,1015.5418559096522,3879,1137,9.4458,INLAND,legacy_import,427299.0,4.9542656112576955,0.18028436994668068,3.411609498680739
101098,-116.5,32.58,24,2624,874.3423452737713,1430,576,7.8882,INLAND,survey_2023,350160.0,4.555555555555555,0.3332097352415287,2.482638888888889
100324,-114.75,40.33,4,6210,1426.4276778871738,1746,1121,2.0224,NEAR OCEAN,survey_2023,148997.0,5.539696699375558,0.22969849885461735,1.5575379125780553
100933,-119.04,37.67,9,4137,648.8922342186819,2163,1097,14.3788,INLAND,survey_2023,500001.0,3.771194165907019,0.156850914725328,1.9717411121239745
101827,-114.62,37.08,30,4704,1342.1296348910198,3921,1102,5.4522,NEAR BAY,legacy_import,294868.0,4.268602540834846,0.2853166740839753,3.558076225045372
100028,-118.38,34.94,52,2444,727.7241152783939,545,334,0.9047,INLAND,legacy_import,37201.0,7.317365269461078,0.29775945796988296,1.6317365269461077
101956,-117.87,41.3,23,1893,568.4879871337413,683,403,5.6072,NEAR OCEAN,legacy_import,287095.0,4.697270471464019,0.30031061126980524,1.694789081885856
100606,-122.24,32.95,47,3030,511.2448264331587,1984,670,1.3657,<1H OCEAN,survey_2023,92516.0,4.522388059701493,0.16872766548949134,2.961194029850746
100359,-118.55,33.85,12,13117,3161.677993396702,3326,1467,3.5797,<1H OCEAN,legacy_import,178313.0,8.941376959781868,0.24103666946685232,2.267211997273347
100527,-121.57,41.6,6,6161,1813.19963008642,1922,1107,1.3694,NEAR OCEAN,survey_2023,91507.0,5.565492321589883,0.29430281286908294,1.7362240289069557
101803,-121.33,41.84,36,1427,382.4296083812658,746,390,4.7204,<1H OCEAN,survey_2023,220246.0,3.658974358974359,0.26799552093991996,1.912820512820513
100224,-121.65,32.62,21,8112,1845.3852799971328,1967,912,1.3769,NEAR OCEAN,survey_2023,94534.0,8.894736842105264,0.22748832347104694,2.156798245614035
100438,-117.24,37.64,45,4589,1243.6474221414844,1474,768,2.8041,ISLAND,survey_2023,172649.0,5.975260416666667,0.2710061935370417,1.9192708333333333
100463,-118.47,37.91,27,4512,1314.827380561734,3958,1170,0.5,<1H OCEAN,survey_2023,57565.0,3.8564102564102565,0.29140677760676725,3.382905982905983
101275,-123.25,40.3,30,3175,989.39285261338,1351,464,8.1585,<1H OCEAN,legacy_import,358334.0,6.842672413793103,0.3116197960987024,2.9116379310344827
100848,-119.28,37.86,49,4198,990.2108036003818,3016,1357,7.376,<1H OCEAN,legacy_import,336706.0,3.0935887988209285,0.23587679933310668,2.2225497420781135
101420,-121.14,39.76,47,6634,1993.744876062109,3203,864,1.4427,<1H OCEAN,legacy_import,85671.0,7.6782407407407405,0.30053434972295884,3.707175925925926
100975,-121.68,32.74,3,2288,495.9408647317394,1079,468,3.2083,<1H OCEAN,legacy_import,210514.0,4.888888888888889,0.2167573709491868,2.3055555555555554
101194,-123.84,35.87,18,5629,1530.9426797730052,2199,824,3.4928,INLAND,survey_2023,152329.0,6.831310679611651,0.27197418365127113,2.6686893203883497
101851,-116.14,33.61,16,6405,1076.793230716573,3902,1009,1.386,<1H OCEAN,legacy_import,129448.0,6.3478691774033695,0.16811760042413315,3.867195242814668
100903,-118.47,36.46,40,3521,984.0787421829702,1253,500,3.0689,INLAND,survey_2023,119978.0,7.042,0.2794884243632406,2.506
100471,-114.6,41.66,4,4052,647.0390054288954,1290,597,3.7641,<1H OCEAN,legacy_import,205663.0,6.7872696817420435,0.15968386116211633,2.1608040201005023
100660,-120.74,36.99,12,7595,1300.1217246494875,4201,1440,4.8959,INLAND,survey_2023,274258.0,5.274305555555555,0.17118126723495558,2.917361111111111
101427,-114.78,38.43,15,1753,401.4231259201882,496,204,0.5,NEAR OCEAN,legacy_import,93042.0,8.593137254901961,0.22899208552206973,2.4313725490196076
101531,-118.2,40.08,26,3229,1015.5418559096522,1675,519,3.4086,<1H OCEAN,survey_2023,207359.0,6.2215799614643545,0.3145066137843457,3.2273603082851636
100151,-121.9,34.15,43,5034,1290.798718563541,3548,982,0.6643,<1H OCEAN,legacy_import,90055.0,5.126272912423625,0.25641611413657944,3.6130346232179225
100215,-121.93,35.4,18,6047,1696.453727798631,4033,1134,0.5,NEAR OCEAN,survey_2023,93827.0,5.332451499118166,0.2805446879111346,3.556437389770723
100098,-124.05,40.08,17,3338,855.8449468926776,860,473,0.8456,NEAR OCEAN,legacy_import,57588.0,7.05708245243129,0.25639453172339055,1.8181818181818181
101395,-116.01,41.96,7,4265,1067.4202601886532,1388,840,2.5725,INLAND,survey_2023,133171.0,5.0773809523809526,0.2502743869141039,1.6523809523809523
100610,-123.91,40.47,28,2249,357.2804950574419,885,267,0.6334,INLAND,survey_2023,27715.0,8.423220973782772,0.15886193644172605,3.3146067415730336
101477,-116.68,37.59,10,5331,1044.2369481838325,4190,1095,3.0702,<1H OCEAN,survey_2023,134495.0,4.868493150684931,0.19588012533930454,3.82648401826484
100820,-116.27,41.3,13,6283,1463.4994134174533,3087,1186,6.6576,NEAR BAY,survey_2023,309144.0,5.297639123102867,0.2329300355590408,2.6028667790893762
101491,-120.57,38.27,29,2874,935.154194772043,552,357,5.1313,INLAND,legacy_import,247028.0,8.050420168067227,0.32538420138206087,1.546218487394958
100012,-115.98,41.11,32,581,134.71915734905298,294,104,2.3284,<1H OCEAN,survey_2023,135310.0,5.586538461538462,0.23187462538563336,2.826923076923077
100431,-116.68,40.35,17,467,127.45595470225742,206,79,5.8148,<1H OCEAN,survey_2023,258055.0,5.9113924050632916,0.2729249565358831,2.607594936708861
101408,-118.45,34.79,39,5336,1460.3067260459145,2347,1327,2.6602,<1H OCEAN,survey_2023,171733.0,4.021100226073851,0.27367067579571114,1.7686510926902788
100167,-122.43,33.7,32,3643,997.5624417767144,1167,687,7.1606,<1H OCEAN,survey_2023,366329.0,5.302765647743814,0.2738299318629466,1.6986899563318778
100637,-121.88,39.73,9,3971,1181.1729880306002,1103,525,5.7305,INLAND,survey_2023,283077.0,7.563809523809524,0.2974497577513473,2.100952380952381
100643,-121.03,38.62,38,4059,1405.8892110494564,3574,1132,2.9309,INLAND,survey_2023,156878.0,3.585689045936396,0.3463634419929678,3.1572438162544167
100188,-119.0,39.99,39,5836,1255.626901504642,2819,864,2.0245,NEAR OCEAN,legacy_import,117161.0,6.75462962962963,0.21515197078557952,3.2627314814814814
100746,-120.46,37.99,19,5212,1334.817270438766,2119,1238,9.768,NEAR BAY,legacy_import,465027.0,4.210016155088853,0.25610461827297887,1.7116316639741518
101433,-117.63,36.7,2,1969,522.5375155303817,1032,499,1.2113,<1H OCEAN,survey_2023,161097.0,3.9458917835671343,0.26538218157967586,2.06813627254509
100043,-115.21,33.59,4,3183,680.1634076448154,827,462,2.4804,INLAND,survey_2023,86019.0,6.8896103896103895,0.21368627321546194,1.79004329004329
101561,-121.93,40.31,26,6432,1876.999570908879,2983,1491,3.5803,NEAR BAY,survey_2023,268272.0,4.313883299798793,0.29182207259155457,2.000670690811536
100009,-117.22,37.13,36,799,131.64781702258242,448,194,0.5,<1H OCEAN,survey_2023,38555.0,4.118556701030927,0.1647657284387765,2.3092783505154637
101565,-120.06,39.39,26,7222,2072.501678007263,2072,930,4.3057,INLAND,survey_2023,199926.0,7.765591397849462,0.2869706006656415,2.227956989247312
100147,-119.27,35.9,45,1272,249.8586751084427,720,199,4.0838,INLAND,survey_2023,230172.0,6.391959798994975,0.19642977602864992,3.6180904522613067
100739,-120.53,33.22,23,1225,322.9950764455705,769,194,2.8131,<1H OCEAN,survey_2023,180261.0,6.314432989690721,0.2636694501596494,3.963917525773196
100013,-122.18,33.82,16,232,53.170938892856384,115,34,4.0861,INLAND,legacy_import,159638.0,6.823529411764706,0.2291850814347258,3.3823529411764706
100389,-116.23,39.04,25,4301,1015.5418559096522,2410,856,5.8635,NEAR OCEAN,legacy_import,339177.0,5.024532710280374,0.2361176135572314,2.8154205607476634
101296,-122.63,38.66,46,5083,1695.1405041702574,2272,571,3.1513,<1H OCEAN,legacy_import,144911.0,8.901926444833625,0.3334921314519491,3.978984238178634
100978,-119.34,39.19,11,2039,373.0443486196671,946,314,1.741,<1H OCEAN,survey_2023,128943.0,6.493630573248407,0.1829545603823772,3.0127388535031847
100651,-118.93,36.0,1,1518,301.6733542827239,810,462,1.8428,<1H OCEAN,legacy_import,111294.0,3.2857142857142856,0.198730799922743,1.7532467532467533
101813,-124.09,38.33,37,890,145.31050861386058,417,148,0.5,INLAND,survey_2023,30784.0,6.013513513513513,0.16327023439759616,2.8175675675675675
101620,-119.65,38.89,22,2089,475.85685529535215,2072,677,1.5205,INLAND,survey_2023,51686.0,3.085672082717873,0.22779169712558744,3.0605612998522895
100735,-115.53,39.96,1,3735,1174.8397911865018,2651,811,3.0287,INLAND,survey_2023,147483.0,4.605425400739827,0.3145488062078987,3.2688039457459928
101849,-117.84,33.15,24,4992,1015.5418559096522,2047,1325,2.8536,<1H OCEAN,survey_2023,136916.0,3.7675471698113205,0.20343386536651686,1.5449056603773585
101240,-115.61,36.45,40,1318,244.86555564743637,685,193,4.4784,INLAND,survey_2023,164363.0,6.829015544041451,0.1857857023121672,3.5492227979274613
100602,-122.53,39.61,39,10661,3595.862315515155,4145,1352,1.3743,NEAR BAY,survey_2023,132262.0,7.885355029585799,0.337291278071021,3.065828402366864
100887,-121.92,36.39,41,4661,823.227254281628,2003,761,4.3607,INLAND,survey_2023,167928.0,6.124835742444152,0.1766203077197228,2.6320630749014455
100835,-120.11,41.24,38,4738,1223.983799725379,2235,967,6.3284,NEAR OCEAN,survey_2023,251269.0,4.899689762150983,0.25833343176981405,2.311271975180972
101783,-117.93,40.35,33,3197,722.7420630969552,1897,664,4.4495,NEAR OCEAN,legacy_import,242638.0,4.8147590361445785,0.2260688342499078,2.8569277108433737
100817,-120.31,32.61,40,9219,2030.7482084515125,4473,1177,7.16,<1H OCEAN,survey_2023,293771.0,7.832625318606627,0.22027857776890253,3.800339847068819
101564,-116.07,36.86,33,4375,1346.37083246192,1126,554,2.0787,INLAND,legacy_import,154269.0,7.897111913357401,0.30774190456272454,2.032490974729242
101647,-116.04,36.58,3,1717,347.9157991474398,1194,541,4.7089,<1H OCEAN,survey_2023,273953.0,3.1737523105360443,0.20263005192046582,2.2070240295748613
101773,-114.75,39.46,23,7485,2372.646420344035,2961,1377,3.0357000000000003,NEAR BAY,survey_2023,330256.0,5.435729847494553,0.3169868297052819,2.150326797385621
100474,-119.02,37.57,4,3981,883.1240106690656,1579,627,5.6641,<1H OCEAN,survey_2023,322460.0,6.349282296650718,0.2218347175757512,2.518341307814992
100720,-114.92,41.04,47,252,41.12342075818805,252,78,0.9476,INLAND,survey_2023,43703.0,3.230769230769231,0.16318817761185733,3.230769230769231
101177,-123.23,40.88,37,2837,728.4918381909946,1999,871,3.1997,<1H OCEAN,survey_2023,195166.0,3.2571756601607347,0.256782459707788,2.2950631458094146
101034,-123.53,35.14,26,2397,712.3856997309382,1662,543,1.3221,<1H OCEAN,survey_2023,164108.0,4.414364640883978,0.2971988734797406,3.0607734806629834
100025,-116.45,34.97,36,1727,395.1581581513051,1134,304,3.2659,<1H OCEAN,survey_2023,132890.0,5.680921052631579,0.22881190396717144,3.7302631578947367
101755,-116.28,34.31,32,3595,1242.368413502709,1986,783,2.9109,INLAND,legacy_import,131475.0,4.591315453384419,0.3455823125181388,2.5363984674329503
101671,-115.52,32.97,17,1498,275.1889743143104,770,333,4.9913,NEAR OCEAN,survey_2023,271344.0,4.498498498498498,0.1837042552164956,2.3123123123123124
101221,-122.79,34.03,13,7132,1761.0164418730824,3412,1294,2.0754,INLAND,survey_2023,133148.0,5.511591962905719,0.2469176166395236,2.6367851622874805
100858,-118.65,32.84,43,6298,1422.1163574093132,1985,840,6.4658,NEAR OCEAN,survey_2023,315603.0,7.497619047619048,0.22580443909325393,2.363095238095238
100115,-115.59,33.94,11,2445,503.72511142791046,998,386,1.7433,<1H OCEAN,legacy_import,89182.0,6.33419689119171,0.20602254046131308,2.5854922279792745
100024,-119.74,36.48,29,5836,1313.4098578019027,3594,1111,1.2716,<1H OCEAN,legacy_import,92354.0,5.252925292529253,0.2250530942086879,3.234923492349235
100370,-123.29,38.7,43,2470,679.1545877202306,1997,751,1.1418,INLAND,survey_2023,78877.0,3.288948069241012,0.27496137154665207,2.659121171770972
100816,-118.39,37.24,26,1008,329.02843254050816,904,336,2.8087,NEAR BAY,survey_2023,202303.0,3.0,0.32641709577431366,2.6904761904761907
100594,-115.33,33.86,22,4280,992.857865506426,2880,1018,9.1287,INLAND,survey_2023,400384.0,4.2043222003929275,0.23197613680056683,2.8290766208251474
100506,-115.19,40.61,39,3289,953.0452126414376,1939,626,4.7869,INLAND,survey_2023,197849.0,5.253993610223642,0.2897674711588439,3.097444089456869
100096,-119.07,37.99,12,1673,475.52887647446215,1451,463,0.7497,INLAND,survey_2023,22547.0,3.613390928725702,0.2842372244318363,3.1339092872570196
100623,-119.45,41.14,8,1557,1015.5418559096522,1319,406,1.1764,NEAR OCEAN,legacy_import,144585.0,3.834975369458128,0.652242682022898,3.248768472906404
100985,-119.35,41.69,16,6825,1930.810836020796,2621,823,0.5,NEAR OCEAN,legacy_import,37249.0,8.292831105710814,0.2829026865964536,3.1846901579586877
101464,-114.31,34.2,4,2262,444.53929937464113,861,446,3.1894,NEAR OCEAN,survey_2023,186187.0,5.071748878923767,0.19652488920187494,1.9304932735426008
100099,-123.22,36.26,33,2442,470.8589452590995,1924,557,1.4814,NEAR OCEAN,legacy_import,87369.0,4.384201077199282,0.19281693090053215,3.454219030520646
101550,-114.79,40.14,39,3449,637.4104566196008,1614,911,4.6473,<1H OCEAN,survey_2023,216794.0,3.785949506037322,0.18481022227300692,1.7716794731064764
101935,-116.25,37.69,8,3272,682.4808049681147,1652,663,3.2423,NEAR OCEAN,legacy_import,220774.0,4.935143288084465,0.20858215310761452,2.4917043740573153
100797,-118.65,38.41,44,3268,964.064460458763,2904,1047,2.9829,INLAND,survey_2023,109588.0,3.1212989493791787,0.2950013648894624,2.773638968481375
100357,-118.44,33.13,39,4762,1648.089314321899,1569,768,4.7305,INLAND,survey_2023,209049.0,6.200520833333333,0.3460918341709154,2.04296875
101324,-114.54,39.93,43,3836,580.4576933760341,2563,1045,4.8168,<1H OCEAN,survey_2023,303455.0,3.6708133971291868,0.1513184810677878,2.4526315789473685
100590,-122.91,40.31,51,5448,1120.8659132483588,5608,1429,3.6014,INLAND,survey_2023,129477.0,3.8124562631210637,0.2057389708605651,3.9244226731980407
101636,-120.31,41.25,48,9798,2150.8410524174437,3179,1170,3.9401,INLAND,survey_2023,218430.0,8.374358974358975,0.21951837644595262,2.717094017094017
101157,-115.49,33.11,49,30,7.534699800720296,17,9,3.6782,NEAR OCEAN,survey_2023,170028.0,3.3333333333333335,0.2511566600240099,1.8888888888888888
100806,-114.96,39.69,50,7722,1830.9421743365608,2420,1226,3.0691,NEAR BAY,legacy_import,223426.0,6.298531810766721,0.23710724868383332,1.9738988580750407
101463,-117.72,38.19,9,1254,277.52913522014444,427,141,4.7491,INLAND,legacy_import,256201.0,8.893617021276595,0.22131509985657452,3.028368794326241
101686,-115.07,41.33,4,5930,1049.2054869762835,1627,807,3.6826,INLAND,survey_2023,158120.0,7.34820322180917,0.17693178532483703,2.0161090458488227
101730,-121.24,33.93,26,2824,541.7528658766448,608,339,0.5124,NEAR BAY,survey_2023,52228.0,8.330383480825958,0.1918388335257241,1.7935103244837758
100683,-117.61,36.1,51,1400,402.6514705766993,689,314,5.169,INLAND,survey_2023,227083.0,4.45859872611465,0.28760819326907094,2.194267515923567
100270,-116.21,33.49,5,614,125.08795453883074,538,183,9.6149,NEAR BAY,survey_2023,453821.0,3.3551912568306013,0.20372631032382857,2.939890710382514
100118,-115.37,33.29,43,8760,2010.459120595842,2210,1118,4.636,<1H OCEAN,survey_2023,250643.0,7.835420393559929,0.22950446582144315,1.9767441860465116
100117,-122.43,38.35,50,4989,1391.0835774740972,2476,1135,2.6332,INLAND,survey_2023,84169.0,4.395594713656387,0.2788301418067944,2.1814977973568284
100936,-124.12,39.92,35,9055,2583.6971165109144,4887,1249,2.5399,NEAR BAY,survey_2023,167705.0,7.249799839871898,0.2853337511331766,3.9127301841473177
101928,-117.88,39.04,11,1093,230.84493172950144,517,310,2.9998,INLAND,survey_2023,144779.0,3.5258064516129033,0.21120304824291075,1.667741935483871
101336,-122.3,41.13,14,8517,2166.727270189009,3695,1206,6.0532,INLAND,survey_2023,256703.0,7.062189054726368,0.2544002900304108,3.0638474295190714
101781,-115.28,35.6,18,2480,808.7431407238032,792,300,9.4084,<1H OCEAN,legacy_import,432736.0,8.266666666666667,0.3261061051305658,2.64
101465,-123.82,39.2,17,988,271.9950428506365,293,189,0.8894,INLAND,legacy_import,55392.0,5.227513227513228,0.275298626367041,1.5502645502645502
101515,-124.22,41.41,49,2920,491.3479486676192,1900,535,8.2786,NEAR BAY,survey_2023,389016.0,5.457943925233645,0.16826984543411616,3.5514018691588785
101522,-120.78,35.05,19,12866,2959.9800059015,2736,1469,1.5472,NEAR OCEAN,survey_2023,91273.0,8.758339006126617,0.23006217984622263,1.862491490810075
100164,-123.4,36.98,26,10321,2841.0912798687173,2994,1398,2.4909,<1H OCEAN,legacy_import,182769.0,7.382689556509299,0.2752728688953316,2.1416309012875536
101716,-123.72,35.73,50,2554,652.3476987906365,1550,503,1.692,<1H OCEAN,survey_2023,113005.0,5.077534791252485,0.2554219650707269,3.081510934393638
101504,-120.5,41.02,28,3766,1062.8504932299568,2619,1166,0.5,<1H OCEAN,survey_2023,76126.0,3.229845626072041,0.2822226482288786,2.246140651801029
101816,-121.35,35.91,23,3729,1183.3888796649203,1278,730,10.6626,NEAR BAY,survey_2023,500001.0,5.108219178082192,0.3173475139889837,1.7506849315068493
100465,-120.55,34.41,33,350,114.15276866397028,107,65,3.9822,<1H OCEAN,survey_2023,246517.0,5.384615384615385,0.32615076761134365,1.646153846153846
101168,-124.24,39.76,17,3382,673.9881475288286,2887,1108,8.4272,NEAR BAY,survey_2023,439488.0,3.0523465703971118,0.1992868561587311,2.6055956678700363
100863,-119.89,38.03,29,5494,1714.296924322036,3290,1463,4.3239,INLAND,survey_2023,180386.0,3.7552973342447027,0.3120307470553396,2.248803827751196
100142,-119.33,39.25,41,5130,991.6210079716352,3481,939,3.679,INLAND,survey_2023,151639.0,5.463258785942492,0.19329844209973396,3.7071352502662407
100113,-116.22,40.99,19,4318,1056.6610906513947,2043,694,2.5751,<1H OCEAN,survey_2023,129384.0,6.221902017291066,0.2447107667094476,2.9438040345821324
101083,-115.51,38.08,35,1541,234.69367509284717,883,372,4.1743,INLAND,survey_2023,167518.0,4.14247311827957,0.15229959447945957,2.3736559139784945
100984,-117.02,37.69,47,2944,476.9408344199738,589,339,3.0357000000000003,<1H OCEAN,survey_2023,219155.0,8.684365781710914,0.16200435951765413,1.7374631268436578
100378,-116.16,36.74,28,3160,634.1926258602992,1780,489,0.5,INLAND,survey_2023,52302.0,6.4621676891615545,0.20069386894313268,3.640081799591002
100063,-120.73,36.86,19,3137,890.2875169153124,2446,670,3.1068,<1H OCEAN,survey_2023,179177.0,4.682089552238806,0.2838022049459077,3.6507462686567163
100500,-117.32,40.36,17,4221,1016.6101705164194,2021,1181,3.0483,INLAND,survey_2023,110600.0,3.574089754445385,0.24084581154144027,1.7112616426756986
101715,-114.35,35.46,48,1098,275.83592905580826,271,149,5.1724,INLAND,survey_2023,198354.0,7.369127516778524,0.2512166931291514,1.8187919463087248
100186,-116.13,40.78,28,899,283.96307731916505,909,295,4.7687,INLAND,legacy_import,179113.0,3.047457627118644,0.3158654920124194,3.08135593220339
100698,-122.76,39.85,26,7482,1248.2526412686889,2044,880,0.9012,<1H OCEAN,survey_2023,113309.0,8.502272727272727,0.16683408731204075,2.3227272727272728
100992,-121.58,37.75,35,7662,2065.984585114509,4747,1380,1.922,INLAND,legacy_import,101115.0,5.552173913043478,0.26964037915877176,3.439855072463768
100885,-122.51,41.44,6,3455,825.4056927898891,2731,795,3.7317,NEAR OCEAN,legacy_import,216229.0,4.345911949685535,0.23890179241386084,3.4352201257861634
100294,-123.03,32.55,26,5368,1628.299580256895,2678,743,3.0507,INLAND,survey_2023,133787.0,7.224764468371467,0.3033344970672308,3.6043068640646028
100715,-115.0,35.35,10,6912,1084.3106078380235,2252,926,7.6095,INLAND,survey_2023,332190.0,7.464362850971923,0.1568736411802696,2.4319654427645787
100453,-115.24,35.8,17,405,79.5993642314986,207,135,2.6144,NEAR BAY,legacy_import,177935.0,3.0,0.1965416400777743,1.5333333333333334
100286,-119.64,41.73,23,8287,2346.4949502540776,3157,1189,6.6147,<1H OCEAN,survey_2023,307276.0,6.969722455845248,0.2831537287624083,2.6551724137931036
101887,-121.83,38.54,21,10417,1865.0840281013443,4160,1461,1.038,NEAR BAY,survey_2023,120137.0,7.1300479123887746,0.17904233734293407,2.847364818617385
101573,-115.67,41.9,2,8408,1734.8228271539838,5699,1474,0.8137,<1H OCEAN,survey_2023,80677.0,5.704206241519675,0.20633002225903707,3.866350067842605
100300,-123.78,40.12,1,1732,515.8814482114336,703,258,2.5508,NEAR OCEAN,survey_2023,172174.0,6.713178294573644,0.2978530301451695,2.7248062015503876
101358,-121.53,40.31,6,4569,880.7526566286239,4103,1463,6.9074,INLAND,legacy_import,328428.0,3.1230348598769653,0.1927670511334261,2.8045112781954886
100315,-117.34,33.75,5,5807,1386.4042500755631,2976,1232,1.6825,INLAND,legacy_import,51585.0,4.713474025974026,0.23874707251172086,2.4155844155844157
100130,-120.13,34.04,2,9596,1501.9244314870612,3450,1332,1.162,<1H OCEAN,survey_2023,115935.0,7.2042042042042045,0.1565156764784349,2.59009009009009
100837,-120.68,32.93,45,2792,810.6493882411875,1729,473,3.2483,NEAR BAY,legacy_import,182346.0,5.902748414376322,0.29034720209211584,3.6553911205073994
100189,-121.88,38.82,24,4333,1481.304605195469,1393,548,2.8418,INLAND,survey_2023,124033.0,7.906934306569343,0.34186582164677337,2.541970802919708
100027,-119.16,41.82,52,3093,517.9068522874896,814,396,2.2563,INLAND,legacy_import,132415.0,7.8106060606060606,0.16744482776834455,2.0555555555555554
101914,-119.81,41.67,5,2004,686.5624834245608,1218,340,3.0994,INLAND,survey_2023,180902.0,5.894117647058824,0.3425960496130543,3.5823529411764707
101447,-115.92,39.29,37,4354,1183.0430502116667,2161,621,4.9389,<1H OCEAN,legacy_import,228965.0,7.011272141706924,0.2717140675727301,3.4798711755233493
100755,-116.36,35.26,40,5014,1044.5904361091052,1443,700,6.6493,INLAND,survey_2023,273517.0,7.162857142857143,0.20833474992203932,2.0614285714285714
101899,-116.46,40.52,4,1654,281.7877926012136,858,304,3.6811,INLAND,survey_2023,157934.0,5.440789473684211,0.17036746831995986,2.8223684210526314
100640,-124.1,35.33,7,2601,1015.5418559096522,1627,561,2.0104,INLAND,survey_2023,107564.0,4.636363636363637,0.39044285117633687,2.90017825311943
101273,-123.9,37.59,22,5472,928.0454456773178,3770,970,9.4284,NEAR BAY,survey_2023,431556.0,5.641237113402062,0.16959894840594258,3.88659793814433
100747,-118.86,33.9,28,2567,495.2266643435378,1315,745,6.0085,<1H OCEAN,survey_2023,274950.0,3.4456375838926174,0.19292039904306107,1.7651006711409396
101584,-114.42,36.36,24,3676,1215.3718263675946,1991,534,7.9772,<1H OCEAN,survey_2023,347511.0,6.883895131086143,0.33062345657442727,3.7284644194756553
101182,-117.97,35.44,2,484,102.6309272574025,134,62,1.9781,<1H OCEAN,survey_2023,131346.0,7.806451612903226,0.2120473703665341,2.161290322580645
100266,-117.33,38.12,40,4482,1482.923817449392,2093,638,2.233,INLAND,survey_2023,132328.0,7.025078369905956,0.3308620743974547,3.280564263322884
100892,-116.0,39.83,42,7489,1015.5418559096522,2822,875,1.965,<1H OCEAN,survey_2023,147432.0,8.558857142857143,0.13560446734005238,3.225142857142857
101516,-117.83,33.31,18,7997,2751.835284495522,2663,1130,1.7847,NEAR BAY,legacy_import,128036.0,7.076991150442478,0.3441084512311519,2.3566371681415927
100075,-117.01,40.77,10,662,220.1627582235126,780,205,1.5547,INLAND,survey_2023,60958.0,3.229268292682927,0.33257214233159005,3.8048780487804876
101454,-124.0,41.45,40,4654,1444.0924782986233,1876,605,5.3621,<1H OCEAN,survey_2023,231853.0,7.692561983471075,0.3102906055648095,3.100826446280992
101458,-122.14,39.12,24,8423,2030.5467404165863,5155,1496,3.0932,<1H OCEAN,survey_2023,204417.0,5.630347593582887,0.24107167759902484,3.445855614973262
101354,-119.43,34.29,47,2992,1015.5418559096522,886,506,1.276,INLAND,survey_2023,39478.0,5.913043478260869,0.33941906948852013,1.7509881422924902
100717,-114.65,41.75,50,9077,3030.856192439056,3389,1315,5.9022,INLAND,legacy_import,190180.0,6.902661596958175,0.333905055903829,2.5771863117870724
100742,-116.82,34.36,12,3351,1149.568504714593,1129,396,2.5226,INLAND,survey_2023,141633.0,8.462121212121213,0.3430523738330627,2.851010101010101
100762,-121.82,38.49,28,8931,2804.185780014213,2903,1250,8.2537,<1H OCEAN,survey_2023,366870.0,7.1448,0.31398340387573764,2.3224
101288,-123.97,41.07,48,6940,1772.094322865619,3945,1128,2.0039,NEAR BAY,survey_2023,135709.0,6.152482269503546,0.2553450032947578,3.497340425531915
101327,-116.4,37.42,7,1299,219.97538841280428,263,157,5.0835,INLAND,survey_2023,236148.0,8.273885350318471,0.1693421003947685,1.6751592356687899
101172,-117.98,34.02,5,8798,2035.215043874323,4625,1478,1.0628,<1H OCEAN,survey_2023,103360.0,5.952638700947226,0.2313270111246105,3.1292286874154263
100861,-119.77,35.18,16,2293,489.14021633372494,2033,566,2.3786,NEAR OCEAN,survey_2023,189210.0,4.051236749116608,0.21331889068195592,3.591872791519435
100180,-120.89,35.4,14,66,22.533519590263687,32,14,1.661,INLAND,legacy_import,108303.0,4.714285714285714,0.34141696348884376,2.2857142857142856
100768,-120.88,37.26,44,924,260.5131032307355,481,152,1.427,NEAR BAY,survey_2023,126530.0,6.078947368421052,0.2819405879120514,3.164473684210526
100666,-121.84,33.8,14,5594,1454.7354726848482,1453,828,6.5231,<1H OCEAN,survey_2023,323928.0,6.756038647342995,0.26005281957183557,1.7548309178743962
101403,-116.94,35.6,1,4409,1335.5360385658626,3020,916,6.9457,NEAR OCEAN,survey_2023,358092.0,4.813318777292577,0.30291132650620606,3.296943231441048
100376,-115.85,35.41,49,471,88.95956670167007,181,56,8.3428,INLAND,survey_2023,327636.0,8.410714285714286,0.18887381465322733,3.232142857142857
100663,-121.93,38.94,26,2738,431.3769048440842,2431,756,5.2688,<1H OCEAN,legacy_import,270260.0,3.621693121693122,0.15755182791968014,3.2156084656084656
100023,-120.64,33.0,43,322,87.92539571980384,117,63,7.3063,<1H OCEAN,survey_2023,330103.0,5.111111111111111,0.2730602351546703,1.8571428571428572
100346,-117.95,38.95,48,2340,371.7063179003342,1818,558,0.5,NEAR OCEAN,survey_2023,96917.0,4.193548387096774,0.15884885380356165,3.2580645161290325
101707,-122.14,35.14,20,1374,291.19737098477583,640,348,3.0454,<1H OCEAN,survey_2023,196215.0,3.9482758620689653,0.2119340400180319,1.839080459770115
100578,-119.38,35.9,44,5429,1500.9259289662664,5404,1470,2.5716,<1H OCEAN,survey_2023,178766.0,3.6931972789115646,0.27646452918884995,3.676190476190476
101738,-120.62,39.66,17,8244,2310.347232024742,2433,1289,1.7156,NEAR OCEAN,survey_2023,149145.0,6.395655546935609,0.2802459039331322,1.887509697439876
100008,-118.29,33.12,6,2445,442.79554603464896,694,344,2.5101,INLAND,survey_2023,125539.0,7.107558139534884,0.18110247281580735,2.0174418604651163
100228,-115.38,35.32,39,1742,324.46947758925626,1294,406,0.8442,<1H OCEAN,survey_2023,44935.0,4.29064039408867,0.18626261629693242,3.187192118226601
100489,-115.4,36.07,32,1441,457.3229345669441,944,253,3.6338,INLAND,survey_2023,124170.0,5.695652173913044,0.31736497888059967,3.731225296442688
100213,-122.06,41.65,36,1419,372.7369483444296,875,245,1.6677,<1H OCEAN,survey_2023,133481.0,5.791836734693877,0.26267579164512306,3.5714285714285716
100845,-120.15,35.89,24,5390,1422.946330462765,2439,1369,1.4172,INLAND,survey_2023,122580.0,3.93718042366691,0.2639974639077486,1.781592403214025
101002,-115.57,34.88,25,4187,891.4601289598608,4659,1172,0.5536,INLAND,survey_2023,21939.0,3.5725255972696246,0.21291142320512557,3.9752559726962455
100449,-123.46,35.75,25,5230,1778.098113762833,1872,627,3.1726,INLAND,survey_2023,119988.0,8.341307814992026,0.3399805188839069,2.985645933014354
101601,-121.07,37.92,48,6899,1515.2949556584083,2645,844,3.8095,NEAR BAY,survey_2023,228962.0,8.174170616113743,0.21963979644273204,3.1338862559241707
100015,-122.47,36.41,5,2444,814.6738316992639,2019,639,5.7264,INLAND,legacy_import,245391.0,3.8247261345852896,0.33333626501606545,3.15962441314554
101493,-123.57,40.89,4,2396,478.3942170655045,1549,439,4.8128,<1H OCEAN,survey_2023,277796.0,5.457858769931663,0.1996636966049685,3.5284738041002277
101797,-123.58,33.48,23,988,234.09563602733343,594,245,0.9887,<1H OCEAN,survey_2023,105172.0,4.03265306122449,0.23693890286167352,2.4244897959183676
100765,-118.6,41.6,45,4986,1317.5573823058126,2675,761,3.9286,<1H OCEAN,legacy_import,167074.0,6.551905387647832,0.26425138032607554,3.515111695137976
101321,-122.7,33.13,1,4150,1057.6142514431294,1908,1097,2.6859,INLAND,survey_2023,71723.0,3.7830446672743845,0.2548468075766577,1.7392889699179581
101293,-117.41,37.65,23,4651,803.7730859704484,1396,549,1.9839,<1H OCEAN,legacy_import,139258.0,8.47176684881603,0.17281726208781947,2.5428051001821492
100546,-123.16,33.24,9,8692,2520.044905115164,4940,1321,0.8743,INLAND,survey_2023,71195.0,6.579863739591219,0.289926933400272,3.7395912187736564
101173,-121.7,34.02,20,6565,2012.9175883187884,2573,1305,1.544,NEAR OCEAN,survey_2023,113277.0,5.030651340996169,0.30661349403180327,1.971647509578544
101533,-121.57,35.34,8,4885,1400.526194904829,3362,853,2.0977,NEAR OCEAN,legacy_import,124749.0,5.726846424384525,0.286699323419617,3.9413833528722155
100354,-123.59,39.38,20,6034,1698.538820909254,2887,807,2.6413,INLAND,survey_2023,94377.0,7.477075588599752,0.28149466703832515,3.577447335811648
100757,-118.97,40.96,38,837,194.57196257111508,498,231,1.1787,<1H OCEAN,survey_2023,68863.0,3.6233766233766236,0.23246351561662495,2.155844155844156
100207,-117.66,40.65,16,4060,1218.4850583559446,3058,799,3.0776,INLAND,survey_2023,103479.0,5.081351689612015,0.3001194725014642,3.8272841051314144
100702,-120.93,33.69,24,5918,1974.734229367215,1581,980,1.4482,<1H OCEAN,legacy_import,50784.0,6.038775510204082,0.33368270181940096,1.613265306122449
100748,-115.24,40.21,52,2134,403.2701242903866,1241,683,2.1593,NEAR BAY,survey_2023,101597.0,3.124450951683748,0.18897381644348013,1.8169838945827232
101094,-121.99,34.29,48,5614,1015.5418559096522,1494,724,6.7511,<1H OCEAN,survey_2023,304024.0,7.754143646408839,0.18089452367467976,2.06353591160221
100416,-121.37,36.15,50,560,143.02245645255994,179,72,0.5001,NEAR OCEAN,survey_2023,83248.0,7.777777777777778,0.2553972436652856,2.486111111111111
101443,-119.86,41.96,33,3360,642.5853083530644,924,522,1.4699,INLAND,survey_2023,49316.0,6.436781609195402,0.19124562748603108,1.7701149425287357
101077,-117.5,33.51,33,10771,2910.6743387371803,4416,1371,1.8066,ISLAND,survey_2023,125568.0,7.856309263311451,0.2702325075422134,3.2210065645514225
101187,-123.62,35.86,22,3844,675.223283822646,1563,828,0.5,<1H OCEAN,survey_2023,70387.0,4.642512077294686,0.17565642138986629,1.8876811594202898
101886,-124.21,41.21,29,1688,567.8037959479773,1568,484,2.0619,<1H OCEAN,survey_2023,82305.0,3.487603305785124,0.33637665636728514,3.239669421487603
100442,-120.56,39.74,51,1491,373.111046059933,570,198,4.5523,<1H OCEAN,survey_2023,271662.0,7.53030303030303,0.2502421502749383,2.878787878787879
101668,-123.14,32.74,34,2248,646.6273277630899,1808,723,1.1046,INLAND,survey_2023,55303.0,3.1092669432918396,0.2876456084355382,2.500691562932227
101947,-122.83,38.22,10,1206,411.8592648562339,636,306,4.1183,NEAR OCEAN,legacy_import,254250.0,3.9411764705882355,0.3415085114894145,2.0784313725490198
100536,-115.8,39.53,37,3046,877.7665360939171,2410,812,0.5,<1H OCEAN,survey_2023,74450.0,3.751231527093596,0.2881702350932098,2.9679802955665027
100348,-120.55,38.14,26,10354,3015.564613128716,3849,1246,6.3725,INLAND,survey_2023,246285.0,8.309791332263242,0.2912463408468916,3.0890850722311396
101025,-119.56,36.05,18,1857,536.9959992352922,1507,484,3.0357000000000003,<1H OCEAN,survey_2023,248066.0,3.8367768595041323,0.2891739360448531,3.1136363636363638
100403,-116.04,35.46,52,2981,621.2207019400479,1963,690,0.5,NEAR BAY,survey_2023,72811.0,4.320289855072463,0.20839339213017374,2.844927536231884
100362,-119.72,35.3,14,5336,1367.5082732264748,3233,1448,2.0483,NEAR OCEAN,survey_2023,90372.0,3.685082872928177,0.2562796613992644,2.2327348066298343
100026,-122.3,39.44,22,8398,2166.091592679832,3346,1085,3.9654,<1H OCEAN,survey_2023,233552.0,7.740092165898617,0.25792945852343796,3.0838709677419356
101127,-120.22,33.27,1,5554,1649.1181625121244,2219,844,0.9946,<1H OCEAN,survey_2023,72781.0,6.580568720379147,0.2969244080864466,2.6291469194312795
101188,-121.29,40.37,22,9037,1479.2597611587703,2982,1014,4.2119,NEAR BAY,survey_2023,222714.0,8.91222879684418,0.16368925098581058,2.940828402366864
100177,-120.43,38.61,27,122,27.86039270663952,89,29,6.4729,<1H OCEAN,survey_2023,355053.0,4.206896551724138,0.2283638746445862,3.0689655172413794
101969,-124.04,36.28,4,10880,3698.158514564634,3777,1291,1.4416,<1H OCEAN,survey_2023,83785.0,8.427575522850503,0.33990427523572003,2.92563903950426
101583,-119.33,40.67,14,5937,919.8958540858848,1782,849,2.3259,NEAR OCEAN,legacy_import,146898.0,6.992932862190813,0.15494287587769662,2.0989399293286217
100955,-120.47,39.1,29,8395,2755.4348964072187,2840,1013,1.3398,NEAR OCEAN,survey_2023,154970.0,8.287265547877592,0.32822333489067523,2.8035538005923
100716,-115.99,38.64,45,907,209.10001332247825,432,120,3.8944,<1H OCEAN,survey_2023,198330.0,7.558333333333334,0.23054025724639277,3.6
100252,-115.79,38.86,23,6049,1015.5418559096522,4405,1443,5.8455,<1H OCEAN,legacy_import,280114.0,4.191961191961192,0.16788590773841167,3.0526680526680527
100414,-117.98,37.3,45,436,100.52989245388908,175,52,3.8372,NEAR OCEAN,survey_2023,265197.0,8.384615384615385,0.2305731478300208,3.3653846153846154
100553,-118.69,41.5,2,3262,967.1145279172734,868,386,2.5151,NEAR BAY,legacy_import,170571.0,8.450777202072539,0.2964790091714511,2.2487046632124352
100193,-117.97,37.82,14,1918,668.9101882432975,1376,635,3.0357000000000003,<1H OCEAN,survey_2023,91222.0,3.0204724409448818,0.34875400846887256,2.1669291338582677
101153,-117.5,36.56,35,5275,1050.9960307767649,2088,717,1.343,INLAND,survey_2023,90657.0,7.357043235704324,0.19924095370175637,2.912133891213389
100918,-116.66,36.51,18,2902,846.8948189731298,1934,755,0.523,NEAR OCEAN,survey_2023,56961.0,3.8437086092715234,0.2918314331402928,2.56158940397351
101113,-118.93,33.37,15,11313,2444.0175829857058,4750,1311,4.5244,INLAND,survey_2023,232914.0,8.62929061784897,0.21603620463057596,3.6231884057971016
100445,-114.83,35.37,47,3851,1300.6450708043942,1995,690,3.4582,<1H OCEAN,survey_2023,166039.0,5.581159420289855,0.3377421632834054,2.891304347826087
101679,-117.35,36.22,4,9552,1804.4300640490612,3646,1194,0.5771,NEAR OCEAN,survey_2023,111964.0,8.0,0.1889059949800106,3.053601340033501
101484,-121.05,38.04,37,1803,341.6113153997789,756,260,5.5681,NEAR BAY,survey_2023,301009.0,6.934615384615385,0.18946828363825785,2.9076923076923076
101082,-120.12,34.43,17,8826,1618.870504931485,4137,1052,2.7458,INLAND,survey_2023,146071.0,8.389733840304183,0.18342063278172274,3.932509505703422
101475,-117.62,40.13,29,3297,705.7239910060973,1644,512,2.9664,INLAND,survey_2023,121585.0,6.439453125,0.2140503460740362,3.2109375
100451,-118.72,41.68,7,2732,661.96130427381,979,458,0.9744,<1H OCEAN,survey_2023,109498.0,5.965065502183406,0.24229915969026722,2.1375545851528384
101651,-121.27,36.28,26,6772,2127.3398300364547,3408,1074,2.5747,<1H OCEAN,survey_2023,208139.0,6.305400372439479,0.31413760041885036,3.1731843575418996
100464,-114.68,38.4,52,3007,590.923775948424,1251,368,5.2024,NEAR OCEAN,survey_2023,290909.0,8.171195652173912,0.19651605452225607,3.3994565217391304
101201,-124.05,37.28,4,1543,269.486094331405,1743,474,1.3983,<1H OCEAN,survey_2023,106754.0,3.2552742616033754,0.1746507416276118,3.6772151898734178
100458,-123.74,37.14,10,230,36.07979568024805,147,47,3.6806,<1H OCEAN,survey_2023,220205.0,4.8936170212765955,0.15686867687064368,3.127659574468085
101881,-115.57,39.45,11,2055,328.88876158245165,499,239,1.3614,<1H OCEAN,survey_2023,137523.0,8.598326359832637,0.1600431929841614,2.087866108786611
100957,-123.83,40.69,26,6528,1030.728850349852,2898,1062,2.8253,<1H OCEAN,survey_2023,176337.0,6.146892655367232,0.15789351261486706,2.7288135593220337
101046,-121.97,36.52,39,8344,1522.9571135611857,3977,1489,2.7842,<1H OCEAN,survey_2023,144550.0,5.603760913364674,0.1825212264574767,2.6709200805910007
101313,-116.13,32.58,27,485,143.81918109006486,183,64,1.0826,NEAR OCEAN,legacy_import,107409.0,7.578125,0.2965343940001337,2.859375
100369,-123.61,39.43,34,9364,1015.5418559096522,3085,1407,0.6037,NEAR BAY,legacy_import,79029.0,6.655294953802416,0.10845171464220976,2.1926083866382373
100484,-118.46,36.9,36,3677,948.6671495150542,1739,584,5.0651,INLAND,survey_2023,212028.0,6.296232876712328,0.25800031262307704,2.9777397260273974
100687,-121.5,36.43,9,8859,1701.4510827902118,2881,1188,4.5545,NEAR OCEAN,survey_2023,260032.0,7.457070707070707,0.1920590453539013,2.425084175084175
101198,-116.8,33.47,1,4798,1602.9552186096803,2103,878,1.3624,NEAR BAY,survey_2023,134682.0,5.4646924829157175,0.33408820729672367,2.3952164009111616
100307,-121.07,38.36,6,8822,2366.649555322184,1988,1119,3.1508,<1H OCEAN,survey_2023,211464.0,7.883824843610366,0.26826678251214964,1.776586237712243
100285,-123.94,35.13,44,12417,3076.7739526506307,2444,1453,2.6194,INLAND,legacy_import,80973.0,8.545767377838954,0.24778722337526218,1.6820371644872678
101594,-117.06,37.15,42,2411,580.7212484357601,1060,334,2.2722,INLAND,survey_2023,89741.0,7.218562874251497,0.2408632303756782,3.1736526946107784
101526,-121.45,41.74,12,1610,358.49016171074794,655,424,0.5935,<1H OCEAN,survey_2023,66111.0,3.797169811320755,0.22266469671475028,1.544811320754717
101074,-114.42,38.18,41,10695,2797.795561557095,2617,1437,4.145,INLAND,survey_2023,197111.0,7.44258872651357,0.2615984629786905,1.8211551844119693
101648,-116.48,38.17,29,6538,1594.7867243279566,5158,1376,3.2742,NEAR BAY,legacy_import,191187.0,4.751453488372093,0.24392577612847302,3.748546511627907
100751,-114.9,38.9,26,2870,616.7657440758854,1280,368,10.7878,<1H OCEAN,legacy_import,462650.0,7.798913043478261,0.2149009561240019,3.4782608695652173
101765,-121.05,35.35,42,9018,1695.611069072027,3059,1055,1.0251,<1H OCEAN,legacy_import,92708.0,8.547867298578199,0.18802517953781625,2.899526066350711
100638,-121.61,41.53,14,1618,381.0802498380389,1304,492,3.541,NEAR BAY,survey_2023,188575.0,3.2886178861788617,0.23552549433747771,2.6504065040650406
101208,-121.56,36.67,42,8808,2862.1816618934213,3243,1086,1.7128,NEAR BAY,legacy_import,107047.0,8.11049723756906,0.32495250475629217,2.9861878453038675
101684,-122.97,38.94,21,914,218.13179905080688,366,105,2.1406,INLAND,survey_2023,83936.0,8.704761904761904,0.23865623528534669,3.4857142857142858
101049,-124.09,35.01,51,7885,1360.8096043804474,2336,1007,4.9942,NEAR OCEAN,survey_2023,235019.0,7.830188679245283,0.17258206777177518,2.319761668321748
101020,-117.33,35.21,34,8693,2840.8187284570718,3550,1166,2.0258,<1H OCEAN,survey_2023,110080.0,7.455403087478559,0.32679382588945954,3.044596912521441
100653,-116.85,33.0,43,2181,528.5755153405853,1223,336,2.1247,NEAR BAY,survey_2023,163368.0,6.491071428571429,0.24235466086225826,3.6398809523809526
101268,-118.3,38.47,49,4634,1179.1021103931405,2717,761,1.0441,INLAND,survey_2023,50386.0,6.089356110381077,0.2544458589540657,3.5703022339027597
100097,-120.02,38.53,31,3993,1380.9203506639667,1630,1054,0.5,INLAND,legacy_import,37543.0,3.7884250474383303,0.3458352994400117,1.5464895635673623
100800,-117.23,40.03,51,631,219.28332058216807,187,91,2.587,INLAND,survey_2023,94451.0,6.934065934065934,0.34751714830771485,2.0549450549450547
101016,-122.49,39.46,13,5157,1053.7161928508365,1148,717,0.8688,<1H OCEAN,legacy_import,94127.0,7.192468619246862,0.20432735948241934,1.601115760111576
100139,-114.58,40.65,40,7180,1649.9040140508846,3139,942,6.3724,<1H OCEAN,survey_2023,292556.0,7.62208067940552,0.2297916454109867,3.3322717622080678
101449,-117.47,33.01,43,4376,983.5848432369636,2599,966,1.6794,<1H OCEAN,survey_2023,94422.0,4.530020703933747,0.2247680171930904,2.6904761904761907
100947,-115.3,37.33,7,6261,1160.164830837109,4490,1220,3.9754,<1H OCEAN,survey_2023,235660.0,5.131967213114754,0.1853002445036111,3.680327868852459
100993,-118.4,36.27,14,12381,2822.60741514423,4639,1484,0.5,NEAR BAY,legacy_import,91036.0,8.34299191374663,0.22797895284259995,3.126010781671159
101368,-122.5,34.31,27,1723,307.38382675999554,825,516,2.2884,NEAR OCEAN,survey_2023,131800.0,3.3391472868217056,0.1784003637608796,1.5988372093023255
100935,-121.58,34.09,11,6866,2389.2933117559837,1945,1191,1.9188,INLAND,survey_2023,47494.0,5.7649034424853065,0.34798912201514476,1.6330814441645676
100961,-118.27,35.78,25,7445,2533.940420485943,2627,914,3.2214,<1H OCEAN,legacy_import,204294.0,8.145514223194748,0.3403546568819265,2.87417943107221
101192,-120.84,41.55,46,946,297.04017968919703,649,245,6.0078,<1H OCEAN,survey_2023,261964.0,3.8612244897959185,0.31399596161648735,2.6489795918367345
101697,-122.95,38.84,51,10161,1015.5418559096522,2222,1234,2.1017,INLAND,survey_2023,113881.0,8.23419773095624,0.09994506996453618,1.8006482982171799
100128,-124.23,40.88,49,3664,1157.187951326346,1016,445,10.8023,<1H OCEAN,legacy_import,455528.0,8.233707865168538,0.3158264059296796,2.2831460674157302
100700,-118.97,37.45,6,6100,1013.4824315911554,3970,1217,1.6433,<1H OCEAN,legacy_import,90272.0,5.012325390304026,0.16614466091658286,3.2621199671322927
101511,-117.12,33.14,26,3898,1035.0508851137783,1256,660,5.4328,<1H OCEAN,survey_2023,263799.0,5.906060606060606,0.2655338340466337,1.903030303030303
101724,-117.38,36.04,20,7700,1402.0432663662182,2065,1242,1.1719,<1H OCEAN,survey_2023,93491.0,6.199677938808374,0.18208354108652183,1.6626409017713366
101860,-116.54,40.24,11,4484,921.9584289879658,3845,1226,0.7649,INLAND,legacy_import,15000.0,3.6574225122349104,0.2056107111926775,3.1362153344208807
100522,-114.6,35.34,26,1497,377.9274493279033,358,175,2.9517,INLAND,survey_2023,125210.0,8.554285714285715,0.2524565459772233,2.045714285714286
100264,-115.53,38.27,23,12596,3672.9444790842745,3880,1402,4.7301,<1H OCEAN,survey_2023,249139.0,8.984308131241084,0.29159610027661753,2.767475035663338
101577,-117.88,37.15,49,2090,402.9685911598456,832,288,3.0098,INLAND,survey_2023,147004.0,7.256944444444445,0.1928079383539931,2.888888888888889
101642,-119.09,36.95,5,4546,836.5381118626567,1987,847,15.0,INLAND,survey_2023,500001.0,5.367178276269185,0.18401630265346605,2.345926800472255
101604,-123.61,34.58,20,6479,2112.433406208399,5189,1320,7.5616,<1H OCEAN,survey_2023,320102.0,4.908333333333333,0.3260431248971136,3.931060606060606
100631,-115.35,39.19,8,4104,749.7645685204718,4110,1321,1.5165,<1H OCEAN,survey_2023,132461.0,3.106737320211961,0.18269117166678164,3.1112793338380014
100498,-114.56,41.82,4,541,187.81071057437512,227,62,7.3229,<1H OCEAN,legacy_import,359348.0,8.725806451612904,0.3471547330395104,3.661290322580645
101659,-119.83,41.15,24,371,121.48056011793555,129,53,8.7333,<1H OCEAN,survey_2023,416322.0,7.0,0.3274408628515783,2.4339622641509435
101822,-118.15,40.15,8,9749,2314.9522444192385,2809,1175,1.8426,INLAND,legacy_import,125306.0,8.297021276595745,0.23745535382287808,2.3906382978723406
101673,-116.24,33.56,3,9231,1688.163475746235,5266,1422,7.1517,<1H OCEAN,survey_2023,358524.0,6.491561181434599,0.18287980454406186,3.7032348804500703
101775,-121.15,41.35,31,6563,2077.388361856816,2003,891,7.3042,INLAND,survey_2023,315803.0,7.3658810325476995,0.31653030045052816,2.2480359147025815
100432,-118.12,41.85,3,11523,2994.950704075832,4699,1409,3.3339,<1H OCEAN,legacy_import,204029.0,8.178140525195174,0.2599106746572795,3.334989354151881
101169,-121.43,36.39,39,1520,247.4432006330184,867,300,11.4497,<1H OCEAN,survey_2023,500001.0,5.066666666666666,0.16279157936382788,2.89
101692,-120.31,39.86,17,1846,508.3632319793034,1007,335,3.0357000000000003,<1H OCEAN,survey_2023,141376.0,5.51044776119403,0.2753863661859715,3.005970149253731
100068,-123.55,34.06,21,3432,528.538085393901,1649,534,4.4294,NEAR BAY,survey_2023,219207.0,6.426966292134831,0.15400293863458656,3.088014981273408
100946,-122.93,37.38,52,2431,636.3542727951522,2166,550,4.9306,<1H OCEAN,survey_2023,278736.0,4.42,0.26176646351096344,3.938181818181818
101495,-117.62,34.51,20,9981,2984.1717307352246,4247,1212,4.3879,INLAND,survey_2023,225422.0,8.235148514851485,0.29898524503909674,3.504125412541254
100841,-117.66,39.67,40,6563,1677.3376852758392,1900,1170,0.8741,<1H OCEAN,survey_2023,62239.0,5.609401709401709,0.25557484157791244,1.623931623931624
100573,-118.08,37.03,34,5554,1791.4982779101897,2437,703,0.8967,INLAND,survey_2023,53610.0,7.900426742532006,0.32256000682574537,3.466571834992888
100334,-123.84,33.59,28,4726,1068.434171288765,1231,535,6.39,NEAR OCEAN,survey_2023,299456.0,8.833644859813084,0.22607578740769466,2.3009345794392524
100338,-119.56,33.65,22,9493,1665.111633516246,2893,1337,3.44,<1H OCEAN,survey_2023,190131.0,7.100224382946896,0.17540415395725756,2.1637995512341064
101677,-120.27,36.11,12,10312,2320.285165766285,3304,1492,8.5583,NEAR OCEAN,survey_2023,442218.0,6.911528150134048,0.22500825889898032,2.214477211796247
100664,-123.28,38.27,46,5920,1232.1488537336627,2685,1170,0.5303,NEAR OCEAN,survey_2023,87921.0,5.05982905982906,0.20813325231987545,2.2948717948717947
100383,-115.53,36.59,52,5073,929.4389852902088,4975,1399,3.2465,INLAND,survey_2023,130712.0,3.6261615439599715,0.18321288888038811,3.556111508220157
100943,-116.0,39.29,37,4083,1323.4083759745445,2899,1052,3.4334,<1H OCEAN,survey_2023,193168.0,3.8811787072243344,0.32412646974639836,2.755703422053232
100055,-115.08,38.86,34,3662,942.8884094409163,1633,992,3.9898,INLAND,survey_2023,191611.0,3.691532258064516,0.25747908504667294,1.6461693548387097
100704,-123.67,39.82,39,7500,1015.5418559096522,1795,974,1.4077,<1H OCEAN,survey_2023,132706.0,7.700205338809035,0.13540558078795362,1.8429158110882957
101223,-114.86,32.68,37,5046,1114.1282880602691,1958,793,2.4629,INLAND,survey_2023,110268.0,6.363177805800756,0.2207943495957727,2.469104665825977
101067,-123.2,41.67,1,4598,1033.2152503883435,938,562,4.2707,INLAND,survey_2023,167960.0,8.181494661921707,0.22470971082826088,1.6690391459074734
101548,-123.87,35.37,8,1352,427.9882205868116,1249,419,4.8401,INLAND,survey_2023,253976.0,3.2267303102625298,0.3165593347535589,2.98090692124105
101605,-119.11,34.24,46,718,248.50466391704867,635,184,6.9476,NEAR BAY,survey_2023,336420.0,3.902173913043478,0.34610677425772796,3.4510869565217392
101696,-124.04,41.63,8,1947,1015.5418559096522,918,352,0.5,INLAND,survey_2023,59075.0,5.53125,0.5215931463326411,2.6079545454545454
100170,-117.52,39.02,20,2901,820.4004893300645,2202,686,2.1691,INLAND,survey_2023,114060.0,4.228862973760933,0.28279920349192156,3.2099125364431487
100173,-122.04,40.63,1,1769,279.85435317315074,974,419,1.1429,INLAND,survey_2023,79641.0,4.221957040572792,0.15819918212162282,2.324582338902148
101599,-115.36,38.79,23,3359,583.1138065523287,1758,789,0.6552,INLAND,survey_2023,59846.0,4.257287705956908,0.17359744166487903,2.2281368821292777
100326,-118.76,40.3,19,9696,3122.6690639283734,3677,1098,7.2371,INLAND,survey_2023,321492.0,8.830601092896174,0.3220574529629098,3.348816029143898
100503,-116.16,41.58,46,5666,1245.0663478759695,1249,741,2.2047,INLAND,survey_2023,86043.0,7.64642375168691,0.21974344297140302,1.6855600539811066
101279,-119.31,40.02,20,3474,1197.6357240606774,2257,794,2.1594,NEAR OCEAN,survey_2023,113834.0,4.375314861460957,0.344742580328347,2.8425692695214106
100409,-123.39,36.81,46,5889,1053.2515003198455,4214,1301,3.1261,NEAR OCEAN,legacy_import,193906.0,4.52651806302844,0.17885065381556214,3.239046887009992
101670,-120.49,34.76,10,4532,893.666701725919,1878,1036,1.7814,<1H OCEAN,survey_2023,83705.0,4.374517374517374,0.19719035783890534,1.8127413127413128
100297,-122.14,32.85,20,872,265.81294461150577,739,263,0.6846,<1H OCEAN,survey_2023,101634.0,3.3155893536121672,0.3048313584994332,2.8098859315589353
101039,-121.15,37.43,11,5569,1117.82310762969,2460,898,1.1527,INLAND,survey_2023,26731.0,6.201559020044543,0.2007224111383893,2.739420935412027
101319,-123.7,39.84,16,3246,957.1701371592204,1414,810,4.921,INLAND,legacy_import,218932.0,4.007407407407407,0.29487681366581037,1.745679012345679
100769,-116.09,38.96,22,4047,1135.2048010871645,1590,1016,1.5131,NEAR OCEAN,survey_2023,140311.0,3.983267716535433,0.28050526342652937,1.56496062992126
101178,-116.69,40.23,40,5498,1857.439769453298,3305,1366,1.8097,<1H OCEAN,legacy_import,110140.0,4.02489019033675,0.3378391723269003,2.4194729136163984
100721,-122.49,39.94,13,8040,2194.9962972994254,3736,1062,8.1143,<1H OCEAN,survey_2023,404883.0,7.570621468926554,0.27300948971385885,3.51789077212806
101376,-119.85,39.73,2,7219,2459.90225425208,2566,1476,6.7747,<1H OCEAN,survey_2023,354905.0,4.8909214092140925,0.3407538792425655,1.7384823848238482
100671,-115.33,36.25,6,6355,2210.326721309854,2539,851,2.3006,INLAND,legacy_import,49855.0,7.467685076380729,0.34780908281823036,2.983548766157462
100648,-116.41,36.61,49,5182,834.8654112633321,3370,845,1.8903,<1H OCEAN,survey_2023,81641.0,6.132544378698225,0.16110872467451412,3.9881656804733727
101698,-114.67,41.37,11,7023,2253.6703247755568,2530,1406,0.5693,<1H OCEAN,survey_2023,75396.0,4.9950213371266,0.3208985226791338,1.7994310099573259
101555,-122.18,38.43,16,1388,418.3520983183828,1026,412,0.8202,NEAR BAY,survey_2023,149345.0,3.3689320388349513,0.3014064108922066,2.4902912621359223
101985,-123.49,41.34,32,8362,1599.7308246415014,2315,987,5.033,<1H OCEAN,survey_2023,253242.0,8.472137791286727,0.19130959395377917,2.3454913880445796
100725,-115.88,35.38,19,4909,1675.5515184180765,1794,612,2.4022,<1H OCEAN,survey_2023,156806.0,8.02124183006536,0.3413223708327717,2.9313725490196076
101814,-123.48,34.9,30,1402,222.8867106062155,1501,405,1.4291,INLAND,legacy_import,49850.0,3.4617283950617286,0.15897768231541762,3.706172839506173
100531,-114.3,40.37,22,9839,1979.817534851712,2702,1305,8.609,<1H OCEAN,survey_2023,383395.0,7.539463601532567,0.20122141832012522,2.0704980842911875
100407,-124.19,34.57,49,8140,2643.2113466787628,2143,1332,2.5129,NEAR OCEAN,legacy_import,162458.0,6.111111111111111,0.3247188386583247,1.6088588588588588
100199,-116.5,36.11,12,6549,1230.750465799589,2171,1046,2.3723,<1H OCEAN,survey_2023,114303.0,6.260994263862333,0.1879295260039073,2.075525812619503
100473,-115.39,39.36,26,6730,1257.0434860561836,2157,787,4.2046,<1H OCEAN,survey_2023,232260.0,8.55146124523507,0.18678209302469295,2.7407878017789074
100754,-122.91,41.22,35,9180,2613.790839483413,4394,1237,1.9716,INLAND,survey_2023,126127.0,7.4211802748585285,0.28472667096769205,3.5521422797089732
100758,-115.36,39.22,13,7891,1015.5418559096522,2466,1225,1.1596,<1H OCEAN,survey_2023,115573.0,6.441632653061225,0.1286962179583896,2.013061224489796
100216,-121.05,40.38,38,2096,535.1320894390036,1123,394,1.1598,INLAND,survey_2023,119160.0,5.319796954314721,0.25531111137357043,2.850253807106599
100253,-121.13,40.38,40,8639,1477.474832558971,1603,1063,3.9238,NEAR BAY,survey_2023,211810.0,8.126999059266227,0.17102382597047933,1.5079962370649107
100152,-122.85,39.26,27,6958,1539.431767591587,1791,799,6.1198,INLAND,survey_2023,246688.0,8.708385481852316,0.2212463017521683,2.241551939924906
101287,-120.79,40.13,30,4757,1063.825035443648,2408,949,7.6106,<1H OCEAN,survey_2023,357555.0,5.012644889357218,0.22363360005121882,2.5374077976817704
101580,-121.98,37.09,44,4008,763.3482632595637,2105,540,4.3402,<1H OCEAN,survey_2023,251131.0,7.4222222222222225,0.19045615350787518,3.8981481481481484
101958,-117.94,32.98,34,3392,510.1615798971599,1613,797,1.8294,<1H OCEAN,survey_2023,146838.0,4.255959849435382,0.1504014091677948,2.0238393977415305
101267,-119.5,37.83,49,6522,2233.110129528443,4444,1173,5.1536,NEAR OCEAN,legacy_import,286617.0,5.560102301790281,0.3423965240000679,3.7885763000852517
101455,-114.99,34.09,46,5874,1643.3021521918042,2456,948,11.6886,<1H OCEAN,survey_2023,500001.0,6.19620253164557,0.2797586231174335,2.590717299578059
100981,-116.59,34.73,19,7958,2592.635073370831,3266,959,5.9436,<1H OCEAN,survey_2023,283466.0,8.29822732012513,0.32578978051907903,3.40563086548488
100728,-122.28,34.84,26,6506,1373.4571536479632,3594,917,3.9833,<1H OCEAN,survey_2023,254279.0,7.094874591057797,0.21110623326897682,3.919302071973828
101627,-118.94,40.77,7,3810,779.7061516315281,1073,639,5.2218,NEAR OCEAN,survey_2023,266789.0,5.962441314553991,0.20464728389278952,1.6791862284820032
101350,-115.63,34.54,32,12703,2382.769134833876,5551,1446,6.3641,<1H OCEAN,survey_2023,301683.0,8.784923928077456,0.18757530778822923,3.838865836791148
100530,-116.17,38.93,24,557,121.54543857610568,204,65,4.7601,<1H OCEAN,legacy_import,215228.0,8.569230769230769,0.2182144319140138,3.1384615384615384
101152,-117.33,39.2,22,4191,755.7824264034482,1391,770,3.0357000000000003,NEAR OCEAN,survey_2023,186113.0,5.442857142857143,0.18033462810867293,1.8064935064935066
101485,-120.64,38.13,45,8799,1483.472671224071,3505,1029,0.6136,INLAND,survey_2023,25489.0,8.551020408163266,0.1685955985025652,3.4062196307094266
100240,-114.9,40.05,32,6358,1743.2950447070102,1433,806,4.7925,INLAND,legacy_import,203418.0,7.88833746898263,0.274189217475151,1.7779156327543424
101453,-118.59,36.04,24,7101,2101.9116062576554,2387,1042,2.5242,<1H OCEAN,survey_2023,132275.0,6.814779270633397,0.29600219775491554,2.2907869481765837
101989,-117.0,40.77,27,1830,530.1923584606916,718,233,6.7963,INLAND,legacy_import,284278.0,7.854077253218884,0.28972260025174407,3.0815450643776825
100187,-118.75,39.78,20,9115,1430.1322500274466,3482,1207,2.9908,<1H OCEAN,survey_2023,183094.0,7.5517812758906375,0.15689876577371878,2.884838442419221
100246,-120.02,33.1,44,2381,779.0874100985142,1279,346,6.995,<1H OCEAN,survey_2023,351998.0,6.881502890173411,0.32721016803801517,3.6965317919075145
101022,-115.06,39.01,25,1290,352.4932293239721,916,294,1.3511,NEAR BAY,survey_2023,156721.0,4.387755102040816,0.27325056536742026,3.1156462585034013
101732,-119.03,36.74,38,4621,920.5357560671912,2450,711,3.9541,INLAND,survey_2023,157660.0,6.49929676511955,0.19920704524284596,3.4458509142053444
101509,-116.65,33.09,26,6364,1957.27553985673,2164,1008,4.666,INLAND,legacy_import,174305.0,6.313492063492063,0.30755429601771367,2.1468253968253967
100912,-118.06,39.43,35,4413,1137.4067842442569,2067,1174,1.362,<1H OCEAN,survey_2023,80314.0,3.7589437819420786,0.2577400372182771,1.7606473594548553
100692,-119.22,32.59,33,8930,1429.544772055482,2083,1102,1.9885,NEAR BAY,legacy_import,162176.0,8.10344827586207,0.16008340112603384,1.8901996370235934
100302,-118.89,37.37,1,7318,1394.5777862164834,3180,1360,1.3319,INLAND,legacy_import,52657.0,5.3808823529411764,0.19056815881613604,2.338235294117647
100283,-123.36,32.93,1,3755,1086.9332197628437,2143,815,4.5567,INLAND,legacy_import,227972.0,4.607361963190184,0.2894629080593459,2.629447852760736
101710,-122.78,32.6,36,2509,688.3324155619969,1402,357,3.8203,NEAR BAY,survey_2023,197746.0,7.028011204481793,0.27434532306177634,3.9271708683473388
100505,-122.67,33.54,48,2082,589.8786762196544,1986,541,5.3546,NEAR OCEAN,survey_2023,281867.0,3.8484288354898335,0.283323091363907,3.6709796672828094
101945,-119.13,32.66,19,6986,1812.5774503456028,2907,1283,7.2676,NEAR OCEAN,survey_2023,346357.0,5.445050662509743,0.25945855286939634,2.2657833203429463
100321,-117.15,39.28,20,7061,1764.6080468177508,2958,1307,3.7073,NEAR BAY,survey_2023,249137.0,5.402448355011477,0.24990908466474307,2.2631981637337413
101489,-119.81,36.52,14,3028,456.09210614644826,625,360,1.8728,INLAND,survey_2023,114372.0,8.411111111111111,0.15062486992947433,1.7361111111111112
101391,-123.57,41.03,33,7068,1418.3759816912002,4689,1289,3.6478,NEAR OCEAN,survey_2023,228051.0,5.483320403413499,0.20067571897159028,3.6377036462373935
100860,-116.54,40.73,25,975,194.8929970557243,430,168,3.2625,NEAR OCEAN,survey_2023,179531.0,5.803571428571429,0.19989025339048647,2.5595238095238093
100621,-122.21,40.97,3,131,36.12115207949528,51,28,15.0,<1H OCEAN,survey_2023,500001.0,4.678571428571429,0.27573398533965865,1.8214285714285714
101123,-116.2,36.86,30,6199,1081.2452279695592,2999,890,3.3219,INLAND,legacy_import,151885.0,6.965168539325843,0.17442252427319876,3.3696629213483145
101347,-120.59,34.42,12,7046,1359.6609995978088,3131,1271,7.8232,INLAND,survey_2023,377691.0,5.54366640440598,0.19296920232725076,2.4634146341463414
100122,-121.12,41.69,12,3981,1149.2053142021043,1952,794,1.7906,<1H OCEAN,legacy_import,124899.0,5.013853904282116,0.28867252303494206,2.4584382871536525
100833,-122.54,35.24,6,10494,3290.4522228796527,4122,1336,1.4747,NEAR BAY,survey_2023,113545.0,7.854790419161676,0.3135555767943256,3.0853293413173652
100510,-118.17,33.09,30,2453,733.2944340154951,2896,776,7.8691,<1H OCEAN,survey_2023,361076.0,3.161082474226804,0.29893780432755607,3.731958762886598
100280,-115.4,34.92,27,5520,1843.643041241461,2993,1044,4.9028,NEAR BAY,survey_2023,265447.0,5.287356321839081,0.33399330457272847,2.8668582375478926
101266,-120.38,37.01,1,982,227.22221312295648,368,169,1.6757,NEAR OCEAN,survey_2023,144344.0,5.810650887573964,0.23138718240626932,2.1775147928994083
101256,-122.29,39.07,12,4558,1015.5418559096522,2076,865,2.7431,NEAR OCEAN,survey_2023,155509.0,5.269364161849711,0.22280426851901103,2.4
101399,-117.23,37.98,18,1989,571.4042487096812,2415,634,2.1537,<1H OCEAN,survey_2023,97854.0,3.137223974763407,0.28728217632462605,3.809148264984227
101666,-122.21,40.47,44,660,217.4699838169589,311,147,8.2478,INLAND,survey_2023,342924.0,4.489795918367347,0.32949997548024074,2.1156462585034013
101118,-121.64,34.86,34,4805,744.9231187600117,4937,1345,2.1833,NEAR BAY,survey_2023,137048.0,3.5724907063197024,0.15503082596462261,3.670631970260223
101064,-120.09,38.66,40,4358,821.055721217965,1848,498,1.2086,<1H OCEAN,legacy_import,111147.0,8.751004016064257,0.1884019553047189,3.710843373493976
100756,-118.1,36.96,16,25,6.036471396978417,18,5,7.2672,<1H OCEAN,survey_2023,367422.0,5.0,0.24145885587913668,3.6
100677,-120.32,33.05,13,9539,1919.8433943592324,2835,1158,2.1277,<1H OCEAN,survey_2023,155697.0,8.23747841105354,0.20126254265218915,2.448186528497409
100518,-114.43,39.03,18,905,154.22318310994663,357,180,2.2782,NEAR OCEAN,legacy_import,129320.0,5.027777777777778,0.17041235702756533,1.9833333333333334
101941,-120.96,41.03,38,7976,2609.301788927756,4034,1202,6.6889,INLAND,survey_2023,294645.0,6.635607321131448,0.3271441560842222,3.356073211314476
101523,-123.29,33.46,17,13150,2929.2995451770403,2688,1492,2.3216,<1H OCEAN,survey_2023,142980.0,8.81367292225201,0.22276042168646695,1.801608579088472
100067,-116.28,34.96,35,388,134.32859743046205,254,78,4.5465,NEAR OCEAN,legacy_import,236399.0,4.9743589743589745,0.3462077253362424,3.2564102564102564
100332,-124.16,38.24,13,6103,1658.5538341036645,2036,722,3.4215,NEAR OCEAN,legacy_import,172301.0,8.452908587257618,0.27176041849969923,2.8199445983379503
100568,-115.26,40.13,11,4052,1266.5120790397536,1189,651,0.5,<1H OCEAN,survey_2023,102698.0,6.224270353302612,0.312564678933799,1.8264208909370199
100875,-122.74,37.03,34,830,286.17573447118826,384,185,0.5,<1H OCEAN,survey_2023,66742.0,4.486486486486487,0.3447900415315521,2.075675675675676
100231,-119.27,32.96,6,4979,1662.2662468957644,3209,832,0.5,<1H OCEAN,survey_2023,94648.0,5.984375,0.3338554422365464,3.8569711538461537
101444,-115.62,41.82,11,3780,926.4004131290956,1963,581,2.0903,INLAND,legacy_import,133177.0,6.506024096385542,0.2450794743727766,3.378657487091222
101042,-121.11,33.58,51,3482,740.4992279718944,2153,1069,1.4115,INLAND,legacy_import,107096.0,3.2572497661365762,0.21266491326016496,2.0140318054256316
100472,-123.87,41.14,43,4242,980.1924274892564,2151,1179,4.2907,<1H OCEAN,legacy_import,230350.0,3.5979643765903306,0.23106846475465734,1.8244274809160306
101898,-120.75,37.63,30,3460,1015.5418559096522,1658,620,1.7099,<1H OCEAN,survey_2023,76565.0,5.580645161290323,0.29350920691030413,2.674193548387097
100511,-120.12,40.89,22,14,3.371032162766188,7,2,4.5345,NEAR BAY,survey_2023,205527.0,7.0,0.2407880116261563,3.5
100477,-118.76,40.01,30,2350,634.6365080823775,2164,616,2.4833,<1H OCEAN,survey_2023,171105.0,3.814935064935065,0.2700580885456926,3.512987012987013
100915,-119.94,38.8,5,3419,661.6544699181069,1354,446,1.26,INLAND,survey_2023,64987.0,7.665919282511211,0.19352280488976512,3.0358744394618835
101412,-121.6,32.71,34,1631,466.5354494214395,795,389,0.928,NEAR OCEAN,survey_2023,109959.0,4.19280205655527,0.28604258088377654,2.043701799485861
100318,-122.74,36.51,12,1887,320.79467234656454,524,288,3.0432,INLAND,survey_2023,179250.0,6.552083333333333,0.17000247607131136,1.8194444444444444
101996,-114.73,35.68,49,9522,2393.603117614927,5250,1429,0.9273,INLAND,legacy_import,79292.0,6.663400979706088,0.2513760888064406,3.6738978306508048
101733,-120.04,37.26,44,5792,1885.0414199974232,2820,987,1.6389,<1H OCEAN,survey_2023,116887.0,5.868287740628166,0.32545604627027336,2.857142857142857
101171,-114.49,34.97,5,2656,847.7418919347621,2359,647,1.0493,INLAND,survey_2023,87772.0,4.105100463678516,0.319179929192305,3.6460587326120555
100581,-114.5,40.94,25,3681,1105.970777147959,1832,851,1.2416,<1H OCEAN,survey_2023,126937.0,4.325499412455934,0.30045389218906793,2.1527614571092832
100132,-123.1,37.82,20,2501,691.2212140353674,808,338,3.0357000000000003,<1H OCEAN,survey_2023,304043.0,7.399408284023669,0.27637793444037084,2.3905325443786984
101739,-120.16,37.99,51,3462,1182.442383970384,1679,1060,2.789,NEAR OCEAN,survey_2023,180636.0,3.2660377358490567,0.34154892662345004,1.5839622641509434
100856,-123.93,34.6,45,1225,298.1459335031102,530,142,3.1068,NEAR BAY,survey_2023,215945.0,8.626760563380282,0.24338443551274302,3.732394366197183
101343,-117.03,33.99,10,6084,967.0176433921145,3374,1264,4.379,<1H OCEAN,survey_2023,211348.0,4.813291139240507,0.15894438583039355,2.6693037974683542
101095,-122.53,38.89,31,4600,1509.2289570144396,3713,1295,10.8697,<1H OCEAN,survey_2023,500001.0,3.552123552123552,0.32809325152487817,2.8671814671814673
101966,-122.46,35.41,34,1777,1015.5418559096522,465,307,2.6838,NEAR OCEAN,legacy_import,215915.0,5.7882736156351795,0.5714923218399843,1.514657980456026
100368,-122.34,35.76,38,2556,750.589988022916,960,363,2.8504,INLAND,survey_2023,84364.0,7.041322314049586,0.29365805478204854,2.644628099173554
100732,-117.65,33.05,44,4392,1116.0948790797383,1079,681,7.4609,<1H OCEAN,survey_2023,309832.0,6.4493392070484585,0.25411996336059617,1.5844346549192365
101375,-115.59,39.89,5,5609,865.9965863262528,1910,870,5.6084,<1H OCEAN,survey_2023,302411.0,6.447126436781609,0.15439411416050147,2.1954022988505746
100125,-120.03,38.85,27,1307,1015.5418559096522,581,376,6.4131,INLAND,survey_2023,254803.0,3.476063829787234,0.7770021850877217,1.5452127659574468
101950,-123.41,32.73,31,1394,453.9368755702415,1071,343,3.0966,<1H OCEAN,survey_2023,201382.0,4.0641399416909625,0.3256362091608619,3.122448979591837
101051,-119.01,37.09,48,4821,1148.0791517714674,1840,580,0.9708,INLAND,survey_2023,34300.0,8.312068965517241,0.23814128848194718,3.1724137931034484
100256,-114.94,37.42,43,4667,732.4603250786149,2744,1101,2.3523,<1H OCEAN,legacy_import,119328.0,4.238873751135332,0.15694457361873043,2.49227974568574
101983,-119.47,34.65,1,3456,693.1818779868107,1775,629,3.4692,<1H OCEAN,legacy_import,172679.0,5.494435612082671,0.2005734600656281,2.821939586645469
101121,-114.74,34.85,32,8723,1723.3519012385675,4486,1465,6.9389,INLAND,survey_2023,344145.0,5.954266211604096,0.19756412945529836,3.0621160409556314
100289,-118.39,34.36,39,1962,1015.5418559096522,832,518,1.3073,<1H OCEAN,survey_2023,84669.0,3.787644787644788,0.5176054311466117,1.606177606177606
101294,-116.29,41.7,25,12343,2172.3851696876154,3941,1401,1.697,INLAND,survey_2023,107569.0,8.810135617416131,0.17600139104655396,2.8129907209136333
100777,-117.08,34.07,6,4650,1413.103374836376,1367,843,6.9698,<1H OCEAN,survey_2023,343778.0,5.516014234875445,0.3038931988895432,1.6215895610913404
100081,-118.07,33.12,16,4154,918.2862317118218,2884,859,4.5968,<1H OCEAN,legacy_import,220317.0,4.835855646100116,0.22106072020024597,3.3573923166472643
100053,-115.35,41.48,29,9874,2552.534145810052,4665,1396,2.3589,INLAND,survey_2023,116461.0,7.073065902578796,0.25851064875532226,3.3416905444126073
100970,-117.66,36.11,13,6323,1544.7296032674467,1900,887,3.5182,<1H OCEAN,survey_2023,203776.0,7.128523111612176,0.24430327427921028,2.142051860202931
101988,-119.93,35.71,48,1035,207.93493962304927,790,305,1.9863,INLAND,legacy_import,107540.0,3.3934426229508197,0.200903323307294,2.5901639344262297
100557,-124.01,35.35,18,6343,1873.1624774726984,4610,1302,2.9978,<1H OCEAN,survey_2023,206862.0,4.87173579109063,0.29531175744485233,3.5407066052227343
100040,-123.08,40.58,20,9538,3268.072449067218,2699,1188,1.4627,NEAR OCEAN,survey_2023,163008.0,8.02861952861953,0.34263707790597797,2.271885521885522
101446,-117.37,40.14,25,5662,1085.1578105070405,2219,1107,0.5293,INLAND,survey_2023,21079.0,5.114724480578139,0.19165627172501598,2.004516711833785
100261,-114.4,38.22,28,10399,2163.097471432753,4515,1176,1.3996,<1H OCEAN,survey_2023,111167.0,8.842687074829932,0.20801014245915503,3.8392857142857144
101005,-117.71,40.41,40,8586,2418.5483444952856,3563,1375,0.7058,<1H OCEAN,survey_2023,55740.0,6.244363636363636,0.281685108839423,2.5912727272727274
101943,-117.22,36.23,5,1167,223.8731378300048,1128,382,8.5453,INLAND,survey_2023,413455.0,3.054973821989529,0.19183645058269477,2.9528795811518322
100083,-123.66,41.14,46,2801,608.9773770431447,1915,528,6.1257,INLAND,survey_2023,267492.0,5.304924242424242,0.21741427241811662,3.6268939393939394
101132,-123.49,41.36,29,5747,1539.9148772070505,2142,751,1.7493,<1H OCEAN,survey_2023,127628.0,7.652463382157124,0.26795108355786507,2.85219707057257
101225,-117.91,40.96,39,3206,673.8925497386556,1500,975,3.639,INLAND,survey_2023,176726.0,3.2882051282051283,0.21019730185235672,1.5384615384615385
101566,-117.62,37.96,45,9943,3380.8655035225165,4552,1252,7.486,<1H OCEAN,survey_2023,331013.0,7.9416932907348246,0.34002469109147304,3.635782747603834
101499,-115.67,39.51,9,10032,3456.2036465383244,3999,1260,5.7542,NEAR OCEAN,survey_2023,275025.0,7.961904761904762,0.34451790735031146,3.1738095238095236
100030,-118.22,34.38,36,2625,645.9584713062181,665,411,0.5,INLAND,legacy_import,37168.0,6.386861313868613,0.24607941764046407,1.6180048661800486
100513,-115.64,37.35,2,2282,694.3851106146662,1290,369,3.4646,<1H OCEAN,survey_2023,205943.0,6.184281842818428,0.30428795381887214,3.4959349593495936
101008,-121.8,38.9,18,3925,881.7944074817912,1641,982,5.9773,INLAND,survey_2023,280971.0,3.9969450101832993,0.22466099553676208,1.6710794297352343
101308,-120.91,36.01,6,1383,411.5770333373097,1019,272,1.4741,NEAR OCEAN,survey_2023,114155.0,5.084558823529412,0.2975972764550323,3.7463235294117645
101790,-122.8,34.54,18,1039,208.02862648621783,279,149,3.3067,NEAR BAY,survey_2023,211905.0,6.973154362416107,0.20022004474130686,1.8724832214765101
101085,-119.63,38.96,5,2706,625.6942046900291,1332,345,15.0,<1H OCEAN,survey_2023,500001.0,7.843478260869565,0.23122476152624874,3.860869565217391
101232,-122.17,34.83,30,5357,883.5022836884268,3001,1300,3.4197,INLAND,legacy_import,140516.0,4.1207692307692305,0.16492482428382058,2.3084615384615383
101316,-119.04,37.1,44,2317,1015.5418559096522,1266,459,1.191,<1H OCEAN,survey_2023,103395.0,5.047930283224401,0.4383003262449945,2.758169934640523
101606,-123.62,40.34,3,6083,1390.330306148447,2374,1284,3.3508,INLAND,survey_2023,166030.0,4.737538940809969,0.2285599714200965,1.8489096573208723
101802,-120.77,40.28,26,1815,285.02578577688456,1501,590,1.9455,<1H OCEAN,survey_2023,116630.0,3.0762711864406778,0.15703900042803556,2.5440677966101695
101056,-116.63,38.23,45,8997,2259.2293607799147,2986,1225,1.1973,<1H OCEAN,survey_2023,100500.0,7.344489795918367,0.2511091875936328,2.437551020408163
101995,-117.73,36.7,26,774,167.98170647793523,407,158,0.5446,<1H OCEAN,survey_2023,118506.0,4.89873417721519,0.21703062852446411,2.5759493670886076
101888,-117.04,38.48,48,1072,223.3841298367139,682,246,1.1766,INLAND,legacy_import,48515.0,4.357723577235772,0.20838071813126297,2.772357723577236
100048,-118.83,37.66,23,231,59.943965611505575,71,32,10.0826,<1H OCEAN,legacy_import,491379.0,7.21875,0.25949768662989425,2.21875
101595,-118.52,38.63,9,4893,1413.3400773357248,1733,954,1.6317,<1H OCEAN,survey_2023,125551.0,5.128930817610063,0.28884939246591557,1.8165618448637317
101869,-117.04,33.17,7,2994,641.992727118405,1261,344,2.4874,<1H OCEAN,survey_2023,130398.0,8.703488372093023,0.21442642856326152,3.6656976744186047
100467,-115.61,32.87,44,4572,1469.517772193332,2966,754,1.6315,<1H OCEAN,survey_2023,94577.0,6.063660477453581,0.321416835562846,3.93368700265252
100153,-119.41,40.35,41,6107,1067.723152548775,3113,895,4.4093,INLAND,survey_2023,188642.0,6.823463687150838,0.17483595096590387,3.4782122905027935
101582,-118.36,35.93,13,3910,1165.815446560838,1319,470,0.8455,<1H OCEAN,legacy_import,58335.0,8.319148936170214,0.2981625183020046,2.8063829787234043
101889,-114.38,36.33,45,3313,698.5623832044017,1958,1032,6.0583,NEAR BAY,legacy_import,349634.0,3.2102713178294575,0.21085493003453115,1.8972868217054264
100394,-120.89,40.96,12,12044,3658.381805068776,4023,1462,1.2536,INLAND,survey_2023,44963.0,8.238030095759234,0.303751395306275,2.7517099863201095
100123,-123.2,36.47,3,5264,1534.2393398046886,1945,852,5.1237,<1H OCEAN,survey_2023,291700.0,6.178403755868545,0.2914588411483071,2.282863849765258
100355,-117.88,33.65,19,11310,2986.8573002812427,4424,1265,3.3182,INLAND,survey_2023,160912.0,8.940711462450594,0.26408994697446886,3.4972332015810275
100134,-114.87,39.33,28,5915,1265.0035802469492,2484,1090,6.6183,<1H OCEAN,legacy_import,272281.0,5.426605504587156,0.21386366529956877,2.2788990825688074
100268,-120.71,34.76,20,3472,679.8350150602274,2177,930,1.9989,<1H OCEAN,legacy_import,121960.0,3.7333333333333334,0.19580501585836044,2.3408602150537634
100385,-116.27,38.03,7,5980,1141.594403184922,3728,1004,1.2929,<1H OCEAN,survey_2023,110961.0,5.956175298804781,0.19090207411119095,3.7131474103585655
100609,-117.4,33.1,10,1848,464.1870488494727,2074,599,9.8632,INLAND,survey_2023,405700.0,3.0851419031719534,0.2511834679921389,3.4624373956594323
100220,-117.72,39.19,45,9444,2148.4720228754704,5077,1468,1.3534,INLAND,survey_2023,88231.0,6.433242506811989,0.2274959787034594,3.4584468664850134
100041,-119.35,37.83,9,5039,1107.5622308566678,2608,1033,7.2881,<1H OCEAN,survey_2023,308417.0,4.8780251694094865,0.2197980216028315,2.5246853823814135
100219,-115.81,33.57,32,66,1015.5418559096522,31,8,5.009,<1H OCEAN,survey_2023,284355.0,8.25,15.386997816812912,3.875
100597,-122.58,37.22,23,5391,958.2609946786606,4730,1361,2.2251,<1H OCEAN,survey_2023,125321.0,3.961058045554739,0.17775199307710268,3.4753857457751653
101269,-121.38,39.04,24,4987,1299.7884467008007,3034,768,3.7961,NEAR OCEAN,legacy_import,233406.0,6.493489583333333,0.26063534122735127,3.9505208333333335
101858,-115.88,36.33,13,5303,1061.6317680979334,2809,963,5.7725,INLAND,survey_2023,283688.0,5.5067497403946,0.20019456309597086,2.916926272066459
100680,-116.13,35.04,28,6446,1696.580545496642,4457,1367,4.4266,INLAND,survey_2023,167440.0,4.715435259692758,0.2631989676538383,3.260424286759327
101117,-115.53,32.63,41,5347,1210.8075191539194,4095,1067,3.0535,<1H OCEAN,survey_2023,134556.0,5.01124648547329,0.22644614160350093,3.837863167760075
101922,-118.1,39.94,13,3833,942.5322748442338,1186,603,1.6318,INLAND,survey_2023,62271.0,6.356550580431177,0.24589936729565193,1.966832504145937
100868,-115.68,35.18,16,3814,993.9841662997118,1733,839,1.672,INLAND,survey_2023,68775.0,4.545887961859356,0.26061462147344305,2.065554231227652
100541,-118.24,39.78,37,2349,467.33784902710926,1058,265,3.1894,<1H OCEAN,survey_2023,183876.0,8.864150943396226,0.19895183015202608,3.9924528301886792
101633,-116.35,35.84,27,3698,1143.8310596457363,1681,579,4.7422,<1H OCEAN,survey_2023,262207.0,6.386873920552677,0.30931072462026404,2.9032815198618307
100862,-119.06,41.53,34,4935,1690.7712525600596,4739,1283,5.4259,<1H OCEAN,survey_2023,216255.0,3.8464536243180047,0.3426081565471245,3.6936866718628214
101379,-118.37,39.14,23,2462,439.5376285543453,1085,301,1.1335,INLAND,survey_2023,15303.0,8.179401993355482,0.1785286874713019,3.604651162790698
101896,-118.14,33.89,23,8046,2357.2252410974133,1842,1079,7.0029,INLAND,legacy_import,292159.0,7.456904541241891,0.29296858576900486,1.7071362372567191
101089,-121.98,34.9,52,1223,366.86068877967074,300,167,2.8345,<1H OCEAN,survey_2023,135412.0,7.323353293413174,0.2999678567290848,1.7964071856287425
100930,-122.91,38.11,3,2668,604.1121386740524,1104,311,3.5439,INLAND,survey_2023,117203.0,8.578778135048232,0.22642883758397767,3.54983922829582
101303,-118.89,35.55,50,11118,3598.110888113041,3374,1374,7.5562,INLAND,legacy_import,326177.0,8.091703056768559,0.32362932974573133,2.455604075691412
101010,-122.09,37.71,16,211,34.33827092483857,142,41,7.8934,NEAR BAY,legacy_import,401256.0,5.146341463414634,0.16274062049686525,3.4634146341463414
101102,-115.46,41.19,50,1397,431.2007506365003,1490,431,4.9466,INLAND,survey_2023,244538.0,3.2412993039443156,0.30866195464316415,3.45707656612529
101591,-114.39,34.17,36,5846,1496.835546722812,2534,891,3.7859,<1H OCEAN,survey_2023,171043.0,6.561167227833894,0.2560443973183052,2.8439955106621775
101837,-120.92,33.63,44,2357,731.2423681492073,1122,617,0.8158,<1H OCEAN,legacy_import,54279.0,3.820097244732577,0.31024283756860727,1.8184764991896272
101801,-116.92,41.41,2,2725,712.600785025875,2054,698,3.6303,<1H OCEAN,legacy_import,211540.0,3.9040114613180514,0.2615048752388532,2.9426934097421205
101241,-116.53,36.57,6,2170,539.2926006221267,803,289,3.8607,NEAR BAY,survey_2023,216498.0,7.508650519031142,0.24852193577056528,2.7785467128027683
101836,-123.02,41.36,11,2318,594.2523832572047,1378,391,4.4073,<1H OCEAN,survey_2023,240817.0,5.928388746803069,0.25636427232838854,3.524296675191816
101757,-119.42,35.75,48,25,6.89739256981173,18,8,1.4327,NEAR BAY,survey_2023,89252.0,3.125,0.2758957027924692,2.25
101165,-116.12,37.17,34,4616,1071.3707686590517,2452,775,4.5593,NEAR OCEAN,survey_2023,216980.0,5.9561290322580644,0.23209938662457794,3.1638709677419357
100927,-118.88,41.86,31,8167,2345.6272439350296,3867,1087,3.8911,INLAND,legacy_import,138554.0,7.5133394664213435,0.2872079397496057,3.5574977000919965
100336,-115.75,36.83,47,5322,1453.14814989906,4771,1352,1.1736,INLAND,survey_2023,80571.0,3.9363905325443787,0.27304549979313414,3.5288461538461537
100232,-118.53,41.08,12,6881,1775.7478346985165,2625,794,2.6272,<1H OCEAN,survey_2023,172512.0,8.66624685138539,0.2580653734484111,3.3060453400503778
101980,-122.44,40.41,5,1962,578.8440194320186,622,253,3.0317,NEAR OCEAN,survey_2023,251622.0,7.75494071146245,0.29502753283996874,2.458498023715415
101706,-117.89,39.52,21,3089,1015.5418559096522,1450,465,2.787,<1H OCEAN,survey_2023,166244.0,6.643010752688172,0.3287607173550185,3.118279569892473
100158,-121.92,36.78,25,10646,2336.93386744958,4641,1447,6.3519,<1H OCEAN,survey_2023,308997.0,7.3572909467864545,0.21951285623234829,3.2073255010366277
100468,-122.06,37.02,34,4488,916.4024534094508,1618,816,2.4986,INLAND,survey_2023,97768.0,5.5,0.20418949496645517,1.982843137254902
101616,-114.36,37.79,46,6500,1704.1617369450837,3064,783,5.428,INLAND,survey_2023,210009.0,8.301404853128991,0.26217872876078213,3.913154533844189
100872,-117.86,40.98,42,4235,769.9442857591633,1960,562,6.2828,INLAND,survey_2023,303964.0,7.5355871886121,0.1818050261532853,3.487544483985765
101632,-117.65,36.85,20,5205,1136.079319465298,1943,1111,6.0633,<1H OCEAN,legacy_import,314800.0,4.6849684968496845,0.21826692016624363,1.748874887488749
101044,-115.44,39.51,48,3501,796.7789624659414,2128,938,3.4081,INLAND,survey_2023,148715.0,3.732409381663113,0.2275861075309744,2.2686567164179103
101062,-116.62,38.19,3,3002,1021.0676330854586,2128,570,8.4954,NEAR OCEAN,survey_2023,414067.0,5.266666666666667,0.34012912494518943,3.7333333333333334
101137,-119.35,39.51,31,4130,720.9547241667264,2785,1135,1.441,<1H OCEAN,survey_2023,97736.0,3.6387665198237884,0.17456530851494584,2.4537444933920707
100585,-121.9,38.44,14,5542,1501.0406846052242,2699,1052,3.7598,ISLAND,survey_2023,215688.0,5.268060836501901,0.27084819281941974,2.5655893536121672
100205,-124.21,41.22,22,6884,2284.3549141563967,2307,930,6.0725,<1H OCEAN,survey_2023,287323.0,7.402150537634409,0.33183540298611225,2.4806451612903224
100003,-118.31,34.87,27,8147,2035.0896498627149,5275,1485,7.7472,NEAR OCEAN,survey_2023,385455.0,5.4861952861952865,0.24979620103875227,3.5521885521885523
100898,-124.17,36.54,52,104,23.78464755926708,30,13,4.315,<1H OCEAN,legacy_import,209713.0,8.0,0.2286985342237219,2.3076923076923075
100925,-124.08,41.07,45,5221,1609.861811928636,3027,1006,2.9476,<1H OCEAN,survey_2023,161656.0,5.18986083499006,0.3083435763127056,3.0089463220675943
101414,-118.99,39.95,36,3165,919.3150901381796,2154,744,1.2451,<1H OCEAN,survey_2023,114565.0,4.254032258064516,0.29046290367714994,2.8951612903225805
101916,-115.44,39.42,28,10061,2315.2593008650147,4466,1285,6.7015,INLAND,survey_2023,261121.0,7.829571984435797,0.23012218475946872,3.4754863813229573
101231,-122.0,38.27,51,5381,1035.6503819963395,3583,1213,2.2666,<1H OCEAN,survey_2023,127390.0,4.436108821104699,0.192464296970143,2.953833470733718
101593,-123.26,38.0,2,6733,1400.950005187516,3239,924,7.7244,INLAND,legacy_import,342603.0,7.286796536796537,0.20807218256163906,3.5054112554112553
100693,-121.88,36.91,4,9887,1825.3074342950624,4397,1370,5.5464,INLAND,legacy_import,253662.0,7.216788321167884,0.18461691456408036,3.2094890510948906
101687,-119.43,36.18,18,8842,2683.044691590568,1891,1065,1.8081,NEAR BAY,survey_2023,123471.0,8.302347417840375,0.3034431906345361,1.775586854460094
101667,-114.99,34.03,46,8482,2133.8168633580717,4000,1319,1.9382,<1H OCEAN,legacy_import,124789.0,6.43062926459439,0.25157001454351235,3.0326004548900682
100714,-120.81,32.51,2,2403,546.50510730666,1760,478,3.3306,<1H OCEAN,survey_2023,194786.0,5.027196652719665,0.2274261786544569,3.6820083682008367
101490,-121.92,33.3,49,1019,331.12840367817984,269,117,7.03,INLAND,legacy_import,281429.0,8.709401709401709,0.32495427250066716,2.299145299145299
101146,-116.33,41.01,14,5815,1224.2269632790735,3906,1370,7.4484,NEAR OCEAN,legacy_import,317718.0,4.244525547445256,0.21052914243836174,2.8510948905109488
100654,-119.98,39.79,16,5788,902.263614581198,4567,1382,2.1199,<1H OCEAN,survey_2023,142356.0,4.188133140376267,0.15588521330013788,3.3046309696092617
100883,-123.26,33.18,6,1153,267.82589091487216,463,156,1.6164,<1H OCEAN,survey_2023,168438.0,7.391025641025641,0.232286115277426,2.967948717948718
101027,-115.85,38.6,6,6045,1672.0332345586337,1656,814,5.2498,<1H OCEAN,survey_2023,224046.0,7.426289926289926,0.27659772283848366,2.0343980343980346
101070,-121.34,39.21,38,6800,2195.1704567768297,4470,1375,2.2509,<1H OCEAN,legacy_import,167655.0,4.945454545454545,0.322819184820122,3.250909090909091
101124,-117.75,39.46,52,6635,1015.5418559096522,1818,1052,6.4879,<1H OCEAN,legacy_import,312470.0,6.307034220532319,0.15305830533679762,1.7281368821292775
101810,-117.7,39.07,42,6102,1205.272528118085,2527,1030,0.9628,<1H OCEAN,legacy_import,102689.0,5.924271844660194,0.1975208993966052,2.4533980582524273
101072,-123.88,35.47,44,3484,538.5637297321598,907,559,0.5311,INLAND,legacy_import,46348.0,6.232558139534884,0.15458201197823185,1.6225402504472273
100157,-116.68,35.81,26,2921,498.5832213720125,1465,852,1.6237,<1H OCEAN,legacy_import,110727.0,3.4284037558685445,0.17068922333858694,1.7194835680751173
101805,-116.55,41.71,47,8516,1318.3410049622275,4295,1314,3.4727,INLAND,survey_2023,125161.0,6.480974124809741,0.15480753933328176,3.2686453576864536
100523,-115.88,35.91,23,528,91.10505763357112,278,123,5.0616,INLAND,survey_2023,214791.0,4.2926829268292686,0.17254745763933924,2.2601626016260163
100462,-116.84,38.42,38,5004,1436.8755326365426,2646,1385,0.6101,<1H OCEAN,survey_2023,39583.0,3.6129963898916966,0.2871453902151364,1.9104693140794224
100652,-118.43,36.01,10,4283,1462.195804105852,1496,590,3.8575,<1H OCEAN,survey_2023,175685.0,7.259322033898305,0.3413952379420621,2.535593220338983
100160,-120.62,38.69,12,5006,1151.8257607236271,2072,694,1.1299,NEAR BAY,survey_2023,89101.0,7.213256484149856,0.23008904529037696,2.9855907780979827
100305,-114.54,36.27,29,5131,961.0587017067688,1793,1048,5.2316,NEAR BAY,survey_2023,246767.0,4.895992366412214,0.18730436595337532,1.7108778625954197
100656,-121.46,40.31,8,5359,1430.3080349859365,4461,1468,1.7312,<1H OCEAN,survey_2023,129776.0,3.6505449591280654,0.2668983084504453,3.0388283378746594
100547,-117.58,36.37,21,4779,743.0109075413924,2638,896,7.3509,INLAND,survey_2023,305910.0,5.333705357142857,0.1554741384267404,2.9441964285714284
100713,-120.18,36.03,18,6505,1735.8184263019373,2478,775,2.8039,<1H OCEAN,survey_2023,154766.0,8.393548387096773,0.2668437242585607,3.1974193548387095
100395,-114.99,35.79,43,639,202.8313163286217,527,136,10.5699,<1H OCEAN,survey_2023,423424.0,4.698529411764706,0.31741990035778045,3.875
100783,-120.84,40.03,23,223,40.14086353582785,124,40,1.9774,NEAR OCEAN,survey_2023,151494.0,5.575,0.1800038723579724,3.1
100399,-116.75,38.55,24,6319,2174.2210752451456,1654,861,0.7698,<1H OCEAN,legacy_import,62544.0,7.339140534262485,0.3440767645584975,1.9210220673635308
100798,-117.33,41.82,18,4582,708.6725846440354,1803,719,3.4941,<1H OCEAN,legacy_import,196045.0,6.372739916550765,0.154664466312535,2.5076495132127956
100618,-116.24,40.51,13,5346,1249.9572398505816,2397,1271,6.8308,<1H OCEAN,legacy_import,346928.0,4.206136900078678,0.23381167973261907,1.885916601101495
101556,-118.19,35.1,7,11202,2841.5682952168263,3454,1248,3.0983,NEAR OCEAN,survey_2023,229096.0,8.975961538461538,0.2536661574019663,2.7676282051282053
100508,-114.8,40.55,4,9430,2260.212968229638,3644,1155,1.3967,INLAND,survey_2023,70257.0,8.164502164502165,0.23968324159381105,3.154978354978355
101386,-116.57,34.81,15,6676,1829.370247147973,1312,805,6.4074,INLAND,survey_2023,305966.0,8.293167701863354,0.27402190640323143,1.6298136645962733
100736,-120.38,41.92,51,1920,1015.5418559096522,1405,559,1.7008,INLAND,survey_2023,100730.0,3.434704830053667,0.5289280499529438,2.513416815742397
101156,-122.71,41.39,50,667,1015.5418559096522,295,118,6.9211,INLAND,survey_2023,223899.0,5.6525423728813555,1.522551508110423,2.5
101690,-122.55,40.36,2,4586,1238.8417909345142,1988,677,6.0971,INLAND,survey_2023,258320.0,6.774002954209749,0.27013558459104103,2.9364844903988185
101510,-116.17,35.69,25,2422,692.6159813314397,756,333,6.0164,<1H OCEAN,legacy_import,311837.0,7.273273273273273,0.28596861326649037,2.27027027027027
100867,-122.48,39.71,25,7669,2233.109328572908,2414,864,2.9292,<1H OCEAN,survey_2023,173973.0,8.876157407407407,0.29118650783321265,2.7939814814814814
100459,-123.11,36.32,7,154,43.21952307925082,66,36,0.8321,NEAR OCEAN,survey_2023,99657.0,4.277777777777778,0.280646253761369,1.8333333333333333
101502,-124.04,41.97,27,925,227.18338673201467,479,199,1.0504,INLAND,survey_2023,81538.0,4.648241206030151,0.24560366133190775,2.407035175879397
100062,-116.01,40.16,4,6951,1717.0501162362036,3358,979,6.8109,<1H OCEAN,survey_2023,352989.0,7.100102145045965,0.24702202794363454,3.4300306435137897
101845,-121.89,38.74,37,1802,373.3160673368799,1547,453,2.1036,NEAR BAY,survey_2023,175333.0,3.977924944812362,0.20716762893278573,3.4150110375275937
100871,-121.59,41.49,1,5808,1111.8619977525811,1964,974,1.7129,NEAR OCEAN,legacy_import,99053.0,5.963039014373717,0.19143629437888793,2.0164271047227924
100986,-117.42,32.99,24,1634,501.55055252397005,671,366,6.6818,NEAR BAY,survey_2023,327899.0,4.46448087431694,0.3069464825728091,1.8333333333333333
101598,-123.44,36.04,13,7025,2307.617716349665,2978,1022,1.6433,<1H OCEAN,legacy_import,143692.0,6.873776908023483,0.32848650766543275,2.9138943248532287
100457,-119.61,38.45,10,3577,904.2092214016905,1778,819,2.7196,<1H OCEAN,survey_2023,187550.0,4.367521367521367,0.2527842385802881,2.1709401709401708
101653,-120.7,34.12,8,8578,1341.2595812302263,2909,991,1.2519,INLAND,survey_2023,55092.0,8.65590312815338,0.15636040816393407,2.9354187689202824
100478,-114.61,33.69,50,7744,2045.9301881892109,3051,1396,4.3947,INLAND,legacy_import,140915.0,5.54727793696275,0.26419553049963984,2.1855300859598854
101426,-124.25,37.85,32,1983,330.9193700897377,664,312,2.5855,NEAR BAY,survey_2023,148228.0,6.355769230769231,0.16687814931403816,2.128205128205128
101904,-116.84,40.52,25,7314,1154.9844029376482,3355,988,4.2502,INLAND,survey_2023,141207.0,7.402834008097166,0.15791419236227072,3.395748987854251
100870,-120.57,40.99,9,5647,1657.870342639737,3872,1314,0.8492,INLAND,survey_2023,34467.0,4.297564687975647,0.2935842646785438,2.9467275494672753
100790,-122.77,39.26,15,1661,334.028038212217,780,244,1.832,NEAR BAY,survey_2023,164382.0,6.807377049180328,0.20110056484781275,3.19672131147541
100617,-121.53,35.07,38,2471,531.0673730176032,1188,565,3.6554,<1H OCEAN,legacy_import,171289.0,4.373451327433628,0.2149200214559301,2.102654867256637
101873,-115.89,40.36,35,2958,672.1681961410751,1206,494,7.3654,INLAND,survey_2023,281526.0,5.987854251012146,0.22723738882389286,2.4412955465587043
101708,-118.1,35.18,48,751,217.8837785959776,371,125,0.9767,<1H OCEAN,legacy_import,27091.0,6.008,0.29012487163246015,2.968
101432,-119.41,39.69,50,1836,515.3404828509653,691,210,5.7655,NEAR BAY,survey_2023,293372.0,8.742857142857142,0.28068653750052575,3.2904761904761903
101158,-115.58,40.34,43,3748,1049.7685225194334,898,598,2.6595,<1H OCEAN,survey_2023,157883.0,6.2675585284280935,0.2800876527533174,1.5016722408026757
100347,-123.85,35.94,51,7020,1805.3022865870169,3508,941,3.6313,<1H OCEAN,survey_2023,195354.0,7.4601487778958555,0.2571655678898884,3.727948990435707
101902,-116.69,41.19,31,6407,1050.297293083558,2945,904,6.3268,INLAND,survey_2023,327186.0,7.087389380530974,0.16392965398525958,3.2577433628318584
101476,-116.22,41.63,24,3320,803.9367616362629,3323,850,2.79,INLAND,survey_2023,97131.0,3.9058823529411764,0.24214962699887435,3.909411764705882
100972,-116.97,39.97,28,6600,2031.7184612198955,3201,1340,3.5191,<1H OCEAN,survey_2023,208739.0,4.925373134328358,0.30783613048786296,2.388805970149254
100760,-122.78,33.9,22,10220,1015.5418559096522,4427,1173,1.0051,<1H OCEAN,survey_2023,104506.0,8.712702472293266,0.09936808766239258,3.7740835464620632
100954,-120.11,41.25,23,39,7.758928922432847,36,12,2.7876,INLAND,survey_2023,147135.0,3.25,0.19894689544699606,3.0
100446,-114.44,34.96,52,9095,2198.726312688817,4420,1402,1.2167,NEAR BAY,survey_2023,75328.0,6.48716119828816,0.24175110639789082,3.152639087018545
100650,-123.43,34.48,44,350,69.79153092435199,101,49,4.8277,NEAR BAY,survey_2023,203580.0,7.142857142857143,0.19940437406957712,2.061224489795918
101249,-118.13,38.5,43,6835,2289.033788110909,2085,781,1.5565,NEAR BAY,survey_2023,143874.0,8.751600512163892,0.33489887170605837,2.669654289372599
101812,-121.65,34.65,18,1003,150.53487958916656,414,191,4.8468,<1H OCEAN,legacy_import,222869.0,5.2513089005235605,0.15008462571203046,2.167539267015707
100379,-121.48,40.08,1,7606,2104.474233378103,3404,1052,2.1189,<1H OCEAN,legacy_import,132898.0,7.230038022813688,0.2766860680223643,3.23574144486692
100564,-120.79,36.33,37,109,30.523405612099165,47,16,1.4261,INLAND,survey_2023,80423.0,6.8125,0.28003124414769875,2.9375
101348,-114.42,35.48,6,7682,2121.6307859759845,3580,1267,5.6225,INLAND,survey_2023,261062.0,6.063141278610892,0.2761820861723489,2.8255722178374114
101756,-114.7,34.25,12,1035,261.2207373331226,488,307,8.4187,<1H OCEAN,survey_2023,367895.0,3.3713355048859937,0.25238718582910397,1.5895765472312704
101295,-122.3,33.13,15,1068,308.4613688844709,275,154,3.953,<1H OCEAN,survey_2023,252454.0,6.935064935064935,0.2888215064461338,1.7857142857142858
100956,-119.11,39.43,14,8818,1516.4878418250005,3852,1054,2.9856,<1H OCEAN,survey_2023,197405.0,8.366223908918407,0.1719763939470402,3.6546489563567364
101936,-121.6,36.46,37,2897,605.9168964155973,1297,365,4.7986,INLAND,survey_2023,188513.0,7.936986301369863,0.20915322623941915,3.5534246575342467
101180,-114.67,33.55,5,7650,2563.274500478273,5879,1489,6.3958,INLAND,survey_2023,228653.0,5.137676292813969,0.3350685621540226,3.9482874412357285
100920,-115.62,35.59,2,2926,1016.4114683206824,1021,367,1.1661,INLAND,survey_2023,19997.0,7.9727520435967305,0.3473723405060432,2.782016348773842
101423,-122.82,32.87,12,4223,1099.320938317283,2364,1299,0.5264,<1H OCEAN,legacy_import,92012.0,3.2509622786759045,0.2603175321613268,1.8198614318706698
100382,-118.01,41.21,8,10206,3366.667907759482,2618,1449,3.2676,<1H OCEAN,legacy_import,202359.0,7.043478260869565,0.3298714391298728,1.8067632850241546
101189,-117.22,40.0,34,10897,2609.8320939380524,4888,1371,6.8364,INLAND,survey_2023,282020.0,7.948212983223924,0.23950005450473089,3.565280816921955
101226,-120.32,34.79,42,576,86.53405413058312,216,82,1.097,NEAR OCEAN,survey_2023,91114.0,7.024390243902439,0.1502327328655957,2.6341463414634148
100072,-124.24,34.45,32,86,18.67414992296289,53,15,2.0096,INLAND,legacy_import,109736.0,5.733333333333333,0.2171412781739871,3.533333333333333
100070,-116.58,39.69,19,8961,1956.5490038395048,4429,1297,6.3701,INLAND,survey_2023,233516.0,6.9090208172706244,0.21834047582183963,3.4148033924441017
101346,-120.84,35.07,37,3229,752.3863799954287,1233,679,4.3218,<1H OCEAN,survey_2023,204343.0,4.755522827687776,0.23300909879078002,1.8159057437407953
101534,-120.16,34.71,52,9064,1496.0096064465563,2371,1244,2.8984,<1H OCEAN,survey_2023,167428.0,7.286173633440514,0.16504960353558654,1.9059485530546625
100171,-124.13,33.16,39,8019,2665.611664125332,2732,1127,0.9353,<1H OCEAN,survey_2023,63035.0,7.115350488021296,0.33241197956420154,2.4241348713398403
101050,-115.55,34.45,20,1786,511.582056439337,669,262,6.4795,INLAND,survey_2023,293493.0,6.816793893129771,0.28644012118663886,2.553435114503817
100168,-123.89,38.92,34,9760,1783.5612416976662,3822,1280,3.0357000000000003,INLAND,survey_2023,270375.0,7.625,0.18274193050181006,2.9859375
100493,-122.42,36.17,29,8577,2001.389969824768,2112,1327,2.608,ISLAND,legacy_import,167782.0,6.46345139412208,0.2333438229946098,1.5915599095704598
101263,-119.75,32.67,27,10811,1702.3012445860882,3456,1468,2.0648,NEAR OCEAN,legacy_import,148047.0,7.364441416893733,0.15746010957229564,2.354223433242507
101041,-116.39,41.72,14,8225,2342.01029300202,4181,1076,2.1228,INLAND,survey_2023,84644.0,7.644052044609666,0.284742892766203,3.8856877323420074
101723,-123.29,34.26,39,475,89.93962231067712,160,83,3.9638,INLAND,legacy_import,179798.0,5.72289156626506,0.18934657328563606,1.927710843373494
100893,-120.33,38.72,10,568,1015.5418559096522,475,186,1.5637,INLAND,survey_2023,124776.0,3.053763440860215,1.7879258026578384,2.553763440860215
100272,-115.63,37.13,29,644,206.620502090956,144,72,1.7236,NEAR OCEAN,survey_2023,142151.0,8.944444444444445,0.3208392889611118,2.0
101307,-116.28,33.15,29,5000,905.4333039257392,3841,1213,2.1998,NEAR OCEAN,legacy_import,202208.0,4.122011541632316,0.18108666078514785,3.1665292662819455
100420,-116.38,34.02,26,2955,607.2695160631519,2610,886,2.7053,<1H OCEAN,survey_2023,179801.0,3.335214446952596,0.20550575839700572,2.945823927765237
100094,-116.59,35.23,47,3820,1084.6211274875177,1736,444,1.0517,INLAND,survey_2023,42464.0,8.603603603603604,0.28393223232657533,3.90990990990991
101380,-122.66,36.0,38,2700,843.6717238142153,1222,553,1.5113,INLAND,legacy_import,69496.0,4.882459312839059,0.3124710088200797,2.209764918625678
101713,-119.7,38.42,12,9804,1589.7810367439406,2099,1177,6.9575,NEAR OCEAN,survey_2023,313939.0,8.32965165675446,0.16215636849693396,1.7833474936278675
101264,-124.18,40.03,38,1743,373.2067348687184,955,359,2.7845,INLAND,legacy_import,135964.0,4.855153203342619,0.21411746119834676,2.66016713091922
100042,-123.96,37.47,32,7698,2435.405132671507,2840,1199,9.5456,<1H OCEAN,legacy_import,416395.0,6.420350291909925,0.3163685545169534,2.3686405337781484
100056,-123.42,36.89,13,4715,970.3144072779978,2004,1080,2.8574,<1H OCEAN,survey_2023,160163.0,4.3657407407407405,0.20579308743966018,1.8555555555555556
101614,-120.97,35.99,34,36,9.481063146254485,23,8,2.4641,<1H OCEAN,legacy_import,159730.0,4.5,0.2633628651737357,2.875
101122,-115.68,33.09,32,593,139.8288201219235,221,144,4.2095,<1H OCEAN,survey_2023,209863.0,4.118055555555555,0.23579902212803291,1.5347222222222223
101186,-117.42,35.89,22,1472,317.02366763528266,778,256,1.1443,NEAR BAY,survey_2023,142987.0,5.75,0.2153693394261431,3.0390625
101693,-122.84,34.73,10,3824,1173.6652350634492,1868,1184,2.5682,INLAND,survey_2023,143842.0,3.22972972972973,0.3069208250688936,1.5777027027027026
100888,-123.31,40.2,48,961,307.4574616054716,277,147,6.6993,INLAND,survey_2023,271845.0,6.537414965986395,0.31993492362692155,1.8843537414965987
100574,-115.68,34.65,29,3740,933.615031051456,1627,613,6.9858,INLAND,survey_2023,265670.0,6.101141924959217,0.24962968744691336,2.6541598694942903
100038,-117.46,34.64,47,652,188.00364092446145,174,77,6.8739,<1H OCEAN,legacy_import,337013.0,8.467532467532468,0.28834914252218014,2.25974025974026
100306,-119.14,33.33,20,1599,536.8912087414628,438,271,3.6538,INLAND,survey_2023,138047.0,5.900369003690037,0.3357668597507585,1.6162361623616237
100668,-122.43,39.52,36,5738,1190.9178978039845,1714,653,6.3219,<1H OCEAN,survey_2023,287664.0,8.787136294027565,0.20754930251027962,2.6248085758039816
100006,-123.72,36.77,20,3460,1167.0419364016918,1557,732,9.3577,INLAND,survey_2023,442769.0,4.726775956284153,0.33729535734152943,2.127049180327869
101078,-122.12,33.97,50,285,59.97407369052148,132,37,5.0895,<1H OCEAN,survey_2023,232005.0,7.702702702702703,0.2104353462825315,3.5675675675675675
100782,-121.78,41.82,43,2654,414.3740573717248,928,466,6.8791,<1H OCEAN,survey_2023,297170.0,5.695278969957082,0.1561318980300395,1.9914163090128756
100408,-115.25,41.89,7,4411,1117.770215649434,1602,708,2.2109,INLAND,legacy_import,105018.0,6.230225988700565,0.253405172443762,2.26271186440678
101011,-114.42,35.23,52,5185,1015.5418559096522,2824,905,5.517,NEAR OCEAN,survey_2023,219441.0,5.7292817679558015,0.1958614958359985,3.1204419889502764
100781,-118.87,40.51,43,3297,1015.5418559096522,2157,1067,0.5,INLAND,survey_2023,49984.0,3.089971883786317,0.30801997449489,2.021555763823805
100166,-121.09,38.52,10,10494,1766.8397465264106,4661,1440,8.5814,INLAND,survey_2023,403713.0,7.2875,0.16836666157103208,3.2368055555555557
100534,-116.61,39.51,18,5332,1103.890666314133,1962,618,0.5086,<1H OCEAN,legacy_import,93765.0,8.627831715210355,0.207031257748337,3.174757281553398
100583,-121.01,36.77,16,7750,1499.1049997324856,2653,873,5.6479,<1H OCEAN,survey_2023,291299.0,8.877434135166094,0.19343290319128845,3.0389461626575027
101676,-123.49,34.15,1,1472,361.38307617522696,289,172,4.7093,<1H OCEAN,survey_2023,228202.0,8.55813953488372,0.24550480718425743,1.680232558139535
101924,-116.36,41.91,42,4616,1320.403560212877,2887,985,2.4804,<1H OCEAN,legacy_import,185244.0,4.686294416243655,0.2860492981397047,2.9309644670050763
101825,-119.0,33.3,5,175,47.9190746073144,111,30,5.2482,INLAND,survey_2023,219087.0,5.833333333333333,0.273823283470368,3.7
101953,-116.94,33.79,40,9285,2093.669609786262,2202,1079,5.5554,<1H OCEAN,survey_2023,248313.0,8.605189990732159,0.2254894571659948,2.040778498609824
101871,-122.16,34.23,28,3657,960.7316263193402,1917,503,2.1899,INLAND,survey_2023,139225.0,7.270377733598409,0.2627103161934209,3.8111332007952288
101274,-119.49,40.44,35,4887,1353.012289042571,2957,1268,2.841,<1H OCEAN,survey_2023,121222.0,3.8541009463722395,0.2768594821040661,2.332018927444795
101912,-114.34,32.56,9,3503,907.842023824613,1995,687,6.2724,<1H OCEAN,survey_2023,296065.0,5.098981077147016,0.25916129712378333,2.903930131004367
101125,-118.79,38.26,49,3349,591.662782148815,1698,790,3.4421,INLAND,survey_2023,176213.0,4.239240506329114,0.17666849272881907,2.149367088607595
101134,-117.47,34.4,18,4979,1588.250685777125,1394,775,4.2809,INLAND,survey_2023,174836.0,6.424516129032258,0.31898989471322053,1.798709677419355
101087,-122.63,32.65,32,8616,2990.617548948595,2034,1220,1.3136,<1H OCEAN,survey_2023,82748.0,7.062295081967213,0.3471004583273671,1.6672131147540983
100813,-115.09,34.05,45,2404,464.9014730317072,863,517,1.5203,INLAND,survey_2023,57038.0,4.649903288201161,0.19338663603648387,1.6692456479690523
100316,-120.21,35.11,27,9136,2575.835491927673,2101,1320,0.6621,<1H OCEAN,legacy_import,111608.0,6.921212121212121,0.28194346452798524,1.5916666666666666
101626,-122.29,32.51,40,12341,3718.614036211312,5575,1427,0.5,<1H OCEAN,survey_2023,65337.0,8.648213034337772,0.30132193794759843,3.9067974772249476
101742,-116.61,39.69,24,3898,1022.8158965689988,2912,994,5.0236,<1H OCEAN,legacy_import,281506.0,3.921529175050302,0.2623950478627498,2.9295774647887325
100516,-120.54,32.68,30,5027,1669.8439346505854,1749,1132,5.9866,<1H OCEAN,survey_2023,274141.0,4.440812720848056,0.3321750417049106,1.545053003533569
101688,-118.24,33.13,5,7568,2070.0569533027096,3177,889,4.4497,<1H OCEAN,survey_2023,233234.0,8.512935883014624,0.273527610108709,3.5736782902137234
100533,-118.75,32.64,37,3434,891.7915456632621,1547,428,1.0291,NEAR OCEAN,survey_2023,95807.0,8.023364485981308,0.25969468423507924,3.614485981308411
101058,-119.5,33.22,29,3164,678.3508976333936,678,443,7.8523,<1H OCEAN,survey_2023,353129.0,7.142212189616253,0.21439661745682478,1.5304740406320543
100271,-116.2,36.15,9,6525,2263.412924606292,5199,1330,7.885,NEAR BAY,legacy_import,392132.0,4.906015037593985,0.3468832068362134,3.9090225563909775
100548,-119.1,36.37,12,8280,2394.866297852831,2798,993,4.9774,INLAND,survey_2023,215423.0,8.338368580060424,0.2892350601271535,2.8177240684793556
100964,-121.41,40.64,20,9121,2416.709691212014,3029,1136,0.9294,<1H OCEAN,survey_2023,74476.0,8.029049295774648,0.2649610449744561,2.6663732394366195
101717,-117.35,33.25,21,7243,1144.289206545171,2871,870,0.6504,<1H OCEAN,legacy_import,74346.0,8.325287356321839,0.15798553176103425,3.3
101649,-117.21,42.0,6,81,26.363313740551703,45,13,1.5552,<1H OCEAN,survey_2023,131765.0,6.230769230769231,0.3254730091426136,3.4615384615384617
100598,-122.38,35.2,5,110,19.03570303857281,65,26,2.5938,INLAND,survey_2023,123043.0,4.230769230769231,0.17305184580520735,2.5
101622,-118.68,34.57,12,1387,468.36383316841705,472,211,5.9897,<1H OCEAN,legacy_import,280120.0,6.57345971563981,0.337681206321858,2.2369668246445498
100570,-119.16,36.35,18,610,184.29904862851916,312,148,5.8094,NEAR BAY,survey_2023,271823.0,4.121621621621622,0.3021295879156052,2.108108108108108
100074,-117.23,40.86,52,9178,1726.7783083778113,4278,1328,1.9058,<1H OCEAN,survey_2023,89594.0,6.911144578313253,0.18814320204595897,3.2213855421686746
100061,-121.59,37.37,7,10941,2532.916730652206,4587,1480,2.141,INLAND,survey_2023,137614.0,7.392567567567568,0.23150687603072898,3.0993243243243245
100809,-123.17,39.32,27,2998,1010.226947384271,1835,733,1.0958,NEAR OCEAN,survey_2023,137483.0,4.090040927694407,0.33696696043504704,2.5034106412005457
100244,-124.15,40.63,41,8115,1335.846914607061,3106,1345,4.4234,NEAR OCEAN,survey_2023,244701.0,6.033457249070632,0.16461453045065447,2.309293680297398
101360,-115.18,40.06,33,2067,598.3500179527136,1788,608,0.5,NEAR BAY,legacy_import,145640.0,3.3996710526315788,0.28947751231384306,2.9407894736842106
101459,-117.71,38.66,37,584,118.65460709297942,282,172,1.8522,<1H OCEAN,survey_2023,117979.0,3.395348837209302,0.20317569707701955,1.6395348837209303
100105,-121.81,35.51,28,11213,2964.5946697339423,2696,1361,13.3592,<1H OCEAN,survey_2023,500001.0,8.238795003673768,0.26438907248140037,1.9808963997060984
100673,-119.05,34.39,5,4279,888.612593906692,2082,620,7.4412,NEAR OCEAN,survey_2023,360094.0,6.901612903225806,0.20766828555893715,3.358064516129032
100642,-122.19,39.93,7,3136,556.9052991797947,2557,792,3.3795,INLAND,survey_2023,176452.0,3.95959595959596,0.17758459795274067,3.2285353535353534
101442,-117.57,34.51,26,4013,834.9613167170801,3312,994,2.0049,INLAND,survey_2023,105452.0,4.037223340040241,0.2080641207867132,3.3319919517102616
100665,-122.77,35.31,48,3573,831.5702040678922,928,478,11.3567,NEAR OCEAN,survey_2023,500001.0,7.47489539748954,0.23273725274780077,1.9414225941422594
100509,-117.04,40.98,30,8189,2304.227544740889,4511,1381,1.6195,NEAR BAY,survey_2023,125172.0,5.929761042722665,0.28138082119195124,3.2664735698769007
100131,-122.08,32.62,30,3418,768.038557909111,1948,493,2.5965,INLAND,legacy_import,133557.0,6.9330628803245435,0.22470408364807226,3.95131845841785
100444,-116.17,36.68,42,3579,588.9836674110339,1731,437,7.51,<1H OCEAN,survey_2023,319203.0,8.189931350114417,0.16456654579799776,3.9610983981693364
100866,-122.75,37.41,19,2557,499.45742862323215,1571,673,2.3425,NEAR BAY,survey_2023,172238.0,3.7994056463595838,0.19532945976661406,2.334323922734027
101792,-119.18,38.15,24,6203,1733.377652254385,2033,1084,6.9843,<1H OCEAN,survey_2023,351130.0,5.722324723247232,0.27944182689898195,1.8754612546125462
100057,-122.34,36.41,42,2842,590.5578827710389,2844,791,2.6058,INLAND,survey_2023,114518.0,3.5929203539823007,0.20779658084835992,3.595448798988622
101890,-123.31,39.65,45,510,79.56594784460384,369,152,0.5711,INLAND,survey_2023,42144.0,3.3552631578947367,0.15601166244039968,2.4276315789473686
101081,-123.41,40.89,41,4334,970.5583194376484,1456,728,9.5736,<1H OCEAN,survey_2023,424520.0,5.9532967032967035,0.22394054440185704,2.0
101179,-118.89,39.01,9,4214,1243.5561913953366,1836,753,4.7065,<1H OCEAN,legacy_import,227471.0,5.596281540504648,0.2951011370183523,2.4382470119521913
100086,-117.0,33.5,43,9127,1628.047169808881,3589,1025,5.8263,INLAND,legacy_import,236606.0,8.904390243902439,0.17837703186248285,3.5014634146341463
101866,-123.87,36.43,50,7618,1398.4081059514233,4095,1487,0.6746,NEAR OCEAN,legacy_import,54739.0,5.123066577000673,0.18356630427296183,2.753866845998655
100771,-115.84,35.11,26,3343,672.4326336807951,1632,504,5.1293,INLAND,survey_2023,196042.0,6.632936507936508,0.20114646535470987,3.238095238095238
101369,-121.92,39.1,26,2455,686.460772045252,828,307,4.9798,NEAR OCEAN,survey_2023,247675.0,7.996742671009772,0.27961742242169124,2.6970684039087947
100708,-121.75,32.67,5,3629,1101.9260148560184,2399,837,3.1578,<1H OCEAN,survey_2023,199406.0,4.335722819593787,0.3036445342672963,2.866188769414576
101571,-122.62,37.61,26,6756,1104.9536404904468,4240,1413,4.8488,<1H OCEAN,survey_2023,224348.0,4.781316348195329,0.16355145655572037,3.0007077140835103
101351,-118.51,36.54,41,5405,1320.1571892172,2875,835,5.6221,INLAND,survey_2023,209135.0,6.473053892215569,0.24424739856007402,3.44311377245509
101576,-124.06,34.35,30,2621,849.8335832241038,1228,480,1.7098,<1H OCEAN,survey_2023,118144.0,5.460416666666666,0.32424020725833796,2.558333333333333
100538,-119.79,39.66,42,2765,754.6472220898077,2239,659,2.6829,<1H OCEAN,survey_2023,145490.0,4.195751138088012,0.2729284709185561,3.3975720789074355
101448,-114.85,38.14,48,5692,1676.863154001524,3585,1068,4.4608,NEAR OCEAN,survey_2023,195734.0,5.329588014981273,0.2945999919187498,3.356741573033708
101468,-115.59,40.45,48,1769,549.4582574575159,820,246,0.5413,<1H OCEAN,survey_2023,30785.0,7.191056910569106,0.3106038764598733,3.3333333333333335
101567,-123.34,38.84,20,828,195.19539872040608,775,194,5.5324,INLAND,survey_2023,215926.0,4.268041237113402,0.23574323516957255,3.9948453608247423
101318,-123.48,40.14,26,1814,381.7994854539104,1138,470,4.5095,INLAND,survey_2023,205425.0,3.8595744680851065,0.21047380675518765,2.421276595744681
100418,-117.57,32.79,43,1768,615.1842333844796,905,469,6.855,INLAND,legacy_import,300750.0,3.769722814498934,0.3479548831360179,1.929637526652452
101861,-117.74,38.31,10,825,124.0409250220644,539,168,0.5,<1H OCEAN,survey_2023,114975.0,4.910714285714286,0.1503526363903811,3.2083333333333335
101073,-124.12,35.08,23,1884,393.5261090219046,474,270,2.0103,<1H OCEAN,legacy_import,88444.0,6.977777777777778,0.20887797718784745,1.7555555555555555
101718,-114.46,36.71,22,10064,3171.881791105905,2803,1474,1.5035,<1H OCEAN,survey_2023,124602.0,6.8276797829036635,0.3151710841718904,1.9016282225237449
101610,-115.5,37.93,36,5351,1015.5418559096522,3091,1093,1.5828,<1H OCEAN,legacy_import,99974.0,4.895699908508692,0.1897854337338165,2.827996340347667
100851,-116.8,34.78,45,3856,1137.043438129628,3673,937,2.0596,<1H OCEAN,legacy_import,104032.0,4.115261472785486,0.29487641030332673,3.919957310565635
101763,-119.42,35.24,42,2706,761.4688798449938,1828,518,3.741,INLAND,survey_2023,146525.0,5.223938223938224,0.2814001773263096,3.528957528957529
101740,-116.02,41.09,50,2901,630.2692532447134,1482,373,3.5772,INLAND,survey_2023,155390.0,7.777479892761394,0.2172593082539515,3.973190348525469
101704,-119.9,41.5,36,1899,506.68051139284586,570,351,7.0216,INLAND,survey_2023,262974.0,5.410256410256411,0.266814381986754,1.623931623931624
101776,-117.42,40.3,7,6430,1973.525542928205,2091,906,0.5,INLAND,survey_2023,49198.0,7.097130242825607,0.30692465675399766,2.30794701986755
101482,-118.86,35.13,48,5489,1294.5444795102424,1488,983,8.4806,INLAND,survey_2023,339807.0,5.583926754832146,0.2358434103680529,1.513733468972533
101743,-124.19,33.03,51,4340,1117.8349462820177,1614,531,3.0867,INLAND,survey_2023,113454.0,8.173258003766477,0.2575656558253497,3.0395480225988702
101809,-123.32,33.0,4,3056,1046.2465049491482,732,426,3.2158,INLAND,legacy_import,118384.0,7.173708920187793,0.34235814952524485,1.7183098591549295
100304,-117.04,41.35,2,7241,1802.6858247185576,1761,975,2.8714,NEAR OCEAN,survey_2023,163240.0,7.426666666666667,0.24895536869473245,1.8061538461538462
101528,-116.27,41.69,3,9973,2695.7709582990465,3719,1152,2.8123,NEAR OCEAN,survey_2023,195573.0,8.657118055555555,0.2703069245261252,3.228298611111111
100335,-123.89,36.15,52,3758,566.4105973776165,3028,1122,1.3804,INLAND,survey_2023,77033.0,3.3493761140819966,0.1507212872212923,2.698752228163993
100995,-123.38,40.72,19,5842,1732.1114974709344,2295,942,3.9697,NEAR OCEAN,survey_2023,217602.0,6.201698513800425,0.2964928958354903,2.4363057324840764
100569,-120.82,41.33,4,5205,1391.7330502102795,2842,1350,3.5782,NEAR BAY,survey_2023,209786.0,3.8555555555555556,0.2673838713180172,2.105185185185185
100088,-115.43,40.31,1,9140,1411.5190017680382,2582,1444,3.4356,<1H OCEAN,legacy_import,202526.0,6.329639889196676,0.15443315117812234,1.7880886426592797
100874,-124.05,39.91,33,1423,296.1488485462669,692,302,1.4613,INLAND,survey_2023,39729.0,4.711920529801325,0.20811584578093245,2.2913907284768213
101162,-120.95,35.36,4,6240,1869.847667247776,2820,984,5.14,NEAR OCEAN,survey_2023,271862.0,6.341463414634147,0.29965507487945126,2.8658536585365852
101535,-123.08,33.73,36,4071,976.2303426229424,2257,752,8.4456,INLAND,legacy_import,363823.0,5.413563829787234,0.2398011158494086,3.0013297872340425
100712,-119.58,35.81,47,1334,263.526193855838,892,422,6.9817,<1H OCEAN,survey_2023,309538.0,3.161137440758294,0.1975458724556507,2.1137440758293837
101760,-119.76,33.64,10,7437,2227.4236229629428,2391,1092,5.3601,INLAND,legacy_import,266059.0,6.81043956043956,0.29950566397242745,2.1895604395604398
101863,-118.85,34.93,13,4627,1388.8684185553338,1585,849,1.8537,NEAR OCEAN,legacy_import,110859.0,5.449941107184923,0.30016607273726686,1.8669022379269729
101529,-118.91,36.68,43,266,48.55845354659351,103,32,2.8463,NEAR OCEAN,legacy_import,134030.0,8.3125,0.18255057724283275,3.21875
100221,-118.62,37.64,16,1362,387.46218189214215,963,328,1.5961,<1H OCEAN,legacy_import,112724.0,4.152439024390244,0.28448030975928207,2.9359756097560976
100319,-121.8,36.4,20,4130,1017.860355535914,4442,1148,3.2931,<1H OCEAN,survey_2023,174022.0,3.597560975609756,0.24645529189731574,3.8693379790940767
101933,-118.27,34.62,7,1844,302.17689627165845,989,437,1.7288,INLAND,legacy_import,96412.0,4.219679633867277,0.16387033420371933,2.263157894736842
100878,-124.03,38.12,40,4275,1227.6219670770984,1698,819,3.3503,<1H OCEAN,survey_2023,172895.0,5.21978021978022,0.28716303323440895,2.0732600732600734
101815,-114.62,37.99,19,1830,575.5921998299638,996,258,6.9821,<1H OCEAN,survey_2023,330039.0,7.093023255813954,0.3145312567376851,3.86046511627907
100825,-115.1,40.56,28,8282,2717.916552670575,2222,939,1.5024,NEAR BAY,survey_2023,127161.0,8.820021299254526,0.3281715229015425,2.3663471778487755
101699,-118.8,35.02,12,2566,631.5327592798296,2240,676,7.4475,INLAND,legacy_import,309635.0,3.7958579881656807,0.24611565053773563,3.3136094674556213
101478,-116.32,37.14,45,10430,1947.0921411057932,3911,1337,15.0,NEAR BAY,survey_2023,500001.0,7.801047120418848,0.1866818927234701,2.925205684367988
100138,-120.66,34.28,42,1998,392.8069957276749,575,317,0.9415,<1H OCEAN,legacy_import,99191.0,6.302839116719243,0.19660009796179925,1.8138801261829653
100163,-118.94,40.49,12,692,213.29650069326544,500,147,1.8019,<1H OCEAN,legacy_import,106050.0,4.707482993197279,0.30823193741801364,3.401360544217687
101795,-123.45,38.76,44,2899,756.26890574125,2032,875,3.5792,INLAND,legacy_import,136084.0,3.313142857142857,0.26087233726845466,2.322285714285714
101461,-117.79,33.98,32,8875,2559.6832881370724,1954,1144,0.6102,<1H OCEAN,survey_2023,75760.0,7.7578671328671325,0.28841501838164196,1.7080419580419581
100960,-123.47,34.35,31,9372,2352.1673422844847,4421,1384,3.2639,<1H OCEAN,survey_2023,188024.0,6.771676300578035,0.2509781628557922,3.194364161849711
101754,-114.54,35.08,52,13192,2233.929020425456,5334,1475,0.948,INLAND,survey_2023,68712.0,8.943728813559321,0.16933967710926745,3.616271186440678
101309,-116.15,36.91,37,9372,3130.1256612510465,2929,1324,5.7263,<1H OCEAN,survey_2023,258255.0,7.078549848942598,0.33398694635627896,2.2122356495468276
101190,-123.63,35.42,29,11906,2176.468578310011,2133,1328,2.6082,<1H OCEAN,survey_2023,155980.0,8.965361445783133,0.18280434892575262,1.6061746987951808
101944,-116.41,33.45,29,3868,706.1979557079395,2180,1247,6.6831,<1H OCEAN,survey_2023,310975.0,3.1018444266238974,0.18257444563286956,1.7481956696070569
101932,-118.69,38.42,33,2207,540.5147926342239,1737,674,3.481,INLAND,legacy_import,143360.0,3.2744807121661723,0.24490928528963476,2.577151335311573
101818,-118.05,40.3,1,3848,848.672561633154,3253,824,3.5036,<1H OCEAN,survey_2023,188668.0,4.669902912621359,0.2205490025034184,3.9478155339805827
100633,-118.98,34.09,16,6013,1577.8882867307818,3161,1331,0.7346,INLAND,survey_2023,65113.0,4.517655897821187,0.26241282001177146,2.3749060856498874
101199,-123.0,36.23,24,8205,2286.951420779608,2127,1241,6.2501,INLAND,survey_2023,267918.0,6.6116035455278,0.278726559510007,1.7139403706688154
100655,-123.02,36.46,46,3775,1015.5418559096522,4251,1146,3.3517,<1H OCEAN,survey_2023,168580.0,3.2940663176265272,0.2690177101747423,3.7094240837696337
100016,-121.26,35.8,36,1791,352.20584606668484,687,325,4.1509,<1H OCEAN,survey_2023,244899.0,5.510769230769231,0.19665318038340862,2.1138461538461537
101643,-118.06,36.93,23,1663,371.61196697680487,969,487,2.5417,INLAND,survey_2023,137976.0,3.414784394250513,0.22345878952303358,1.9897330595482545
101611,-117.79,33.86,14,6352,1660.809129208503,2992,838,1.9364,<1H OCEAN,legacy_import,123135.0,7.579952267303103,0.26146239439680463,3.5704057279236276
100137,-117.27,39.45,10,7064,1463.5443511781343,2968,962,2.4797,INLAND,survey_2023,124286.0,7.343035343035343,0.20718351517244257,3.085239085239085
101236,-115.66,34.59,7,1943,517.0889580198767,885,290,4.1926,<1H OCEAN,legacy_import,213610.0,6.7,0.26612916007199006,3.0517241379310347
100697,-118.49,35.46,3,227,1015.5418559096522,238,66,3.5681,INLAND,survey_2023,194099.0,3.4393939393939394,4.473752669205516,3.606060606060606
101097,-122.44,33.47,17,3996,847.9534482719505,1403,512,3.2905,INLAND,survey_2023,87309.0,7.8046875,0.21220056263061823,2.740234375
101628,-123.33,40.03,32,671,138.7095262582427,414,191,10.6668,<1H OCEAN,legacy_import,481359.0,3.513089005235602,0.20672060545192653,2.167539267015707
100448,-120.54,33.05,23,478,81.96728930487227,255,104,1.423,<1H OCEAN,legacy_import,108348.0,4.596153846153846,0.1714796847382265,2.451923076923077
101909,-122.81,35.59,48,6766,1785.9918995052142,4844,1285,3.6105,NEAR OCEAN,legacy_import,187534.0,5.265369649805447,0.26396569605456904,3.7696498054474707
100327,-118.18,32.51,38,2303,798.5384699869514,1240,447,1.5694,INLAND,legacy_import,50962.0,5.152125279642058,0.3467383716834353,2.7740492170022373
100317,-122.57,36.25,44,7370,2520.0819089740567,3997,1063,0.528,<1H OCEAN,survey_2023,45564.0,6.933207902163688,0.3419378438228028,3.760112888052681
101753,-121.89,39.07,28,4338,1019.8563503105588,1335,655,1.4762,<1H OCEAN,legacy_import,123063.0,6.622900763358778,0.23509828269030864,2.0381679389312977
100526,-120.15,34.5,6,3257,744.734982633304,1404,428,2.7206,INLAND,survey_2023,109439.0,7.609813084112149,0.22865673399855818,3.2803738317757007
100087,-117.92,38.74,24,7364,2560.625551498192,2534,927,4.5301,INLAND,survey_2023,223903.0,7.943905070118662,0.34772210096390443,2.733549083063646
101285,-119.12,33.22,1,5090,1015.5418559096522,2672,872,4.2513,INLAND,survey_2023,187964.0,5.837155963302752,0.19951706402940123,3.0642201834862384
100148,-123.79,37.2,22,9872,1015.5418559096522,4235,1378,6.7559,<1H OCEAN,survey_2023,325072.0,7.16400580551524,0.10287093354028082,3.0732946298984034
101635,-121.95,37.12,37,2279,625.8923641737088,1272,387,3.0809,INLAND,survey_2023,169128.0,5.888888888888889,0.2746346486062785,3.2868217054263567
101544,-114.67,40.71,25,2218,1015.5418559096522,888,331,1.5756,<1H OCEAN,survey_2023,102295.0,6.7009063444108765,0.4578637763343788,2.6827794561933533
101473,-120.26,39.15,21,5041,1458.60427641137,3432,1385,2.8838,NEAR BAY,survey_2023,229268.0,3.6397111913357403,0.2893482000419302,2.4779783393501806
100365,-120.44,32.92,42,3031,751.8274753822251,1613,464,1.3168,NEAR BAY,survey_2023,163550.0,6.532327586206897,0.24804601629238704,3.476293103448276
100589,-122.78,39.28,28,4983,779.9409260264725,2095,1329,3.4167,INLAND,survey_2023,154196.0,3.749435665914221,0.1565203544102895,1.5763732129420618
101524,-119.44,34.09,44,371,107.85601137770882,168,55,6.3393,<1H OCEAN,survey_2023,314391.0,6.745454545454545,0.29071701179975423,3.0545454545454547
100198,-115.43,37.69,34,8004,1570.8078908782998,2668,1107,0.5556,NEAR BAY,survey_2023,60122.0,7.230352303523035,0.19625285992982255,2.4101174345076783
101910,-121.24,32.87,33,5668,1254.4029425181227,1135,690,0.5,INLAND,survey_2023,60979.0,8.214492753623189,0.2213131514675587,1.644927536231884
100192,-115.3,38.87,46,7147,1359.9885217110304,3701,1038,2.9468,<1H OCEAN,survey_2023,167168.0,6.8853564547206165,0.19028802598447328,3.565510597302505
100404,-121.1,38.93,4,2199,592.5178972680527,2010,539,5.2209,<1H OCEAN,legacy_import,282886.0,4.079777365491651,0.2694487936644169,3.7291280148423005
101587,-120.26,39.74,26,2981,495.4956364095018,1199,420,5.9422,<1H OCEAN,survey_2023,318090.0,7.097619047619047,0.1662179256657168,2.854761904761905
101282,-118.7,40.62,41,4812,1101.8986420429978,2103,565,3.2753,<1H OCEAN,survey_2023,173819.0,8.516814159292036,0.22898974273545258,3.7221238938053096
100483,-118.02,33.91,19,9199,1710.548349082128,4081,1193,3.5022,NEAR OCEAN,legacy_import,225716.0,7.71081307627829,0.1859493802676517,3.4207879295892707
101761,-115.86,39.48,46,7688,2491.321717123724,1930,912,2.6603,<1H OCEAN,survey_2023,135055.0,8.429824561403509,0.3240532930702034,2.116228070175439
100791,-118.44,41.82,33,5880,1739.0223059279697,1738,836,3.4748,NEAR OCEAN,survey_2023,217957.0,7.033492822966507,0.2957520928448928,2.0789473684210527
100799,-115.08,34.31,24,5397,997.965201688308,2340,932,2.8229,<1H OCEAN,survey_2023,184196.0,5.790772532188841,0.184911099071393,2.5107296137339055
100384,-116.95,35.53,47,234,66.1375646263023,113,41,3.533,<1H OCEAN,legacy_import,158834.0,5.7073170731707314,0.2826391650696679,2.7560975609756095
100750,-123.13,36.19,37,10602,3277.174204118188,4061,1443,3.2481,<1H OCEAN,survey_2023,167962.0,7.347193347193347,0.3091090552837378,2.814275814275814
100422,-123.39,39.68,29,3222,485.473524823978,930,547,1.823,NEAR BAY,survey_2023,162435.0,5.890310786106033,0.1506745887101111,1.70018281535649
100314,-115.94,41.93,35,3103,1021.0724586821724,1539,465,0.8924,<1H OCEAN,survey_2023,128965.0,6.673118279569892,0.32905976754178934,3.3096774193548386
101021,-121.33,36.61,36,5716,1488.1140536392209,4924,1275,6.6367,INLAND,survey_2023,257933.0,4.483137254901961,0.2603418568298147,3.8619607843137254
100543,-117.58,38.33,30,9934,2720.2458417204944,2729,1226,3.2148,<1H OCEAN,legacy_import,180996.0,8.102773246329527,0.2738318745440401,2.2259380097879284
100913,-120.21,41.69,52,2202,462.4904095868088,470,279,4.6927,<1H OCEAN,survey_2023,261904.0,7.89247311827957,0.21003197528919565,1.6845878136200716
100662,-118.24,34.55,17,6361,1742.3887089033035,4960,1487,4.089,<1H OCEAN,survey_2023,241974.0,4.277740416946873,0.27391742004453756,3.3355749831876262
100902,-122.49,32.5,4,367,95.71154880662174,150,51,2.5243,<1H OCEAN,survey_2023,157584.0,7.196078431372549,0.26079441091722544,2.9411764705882355
101409,-115.62,32.88,10,5526,1264.9806411415711,4792,1311,1.9812,INLAND,legacy_import,81888.0,4.215102974828375,0.22891433969264768,3.655225019069413
100685,-118.73,32.68,32,1527,263.17167847454147,639,297,2.0645,<1H OCEAN,survey_2023,134097.0,5.141414141414141,0.1723455654712125,2.1515151515151514
101691,-119.27,37.48,12,1769,606.0016008413048,633,321,1.0942,<1H OCEAN,survey_2023,106880.0,5.510903426791277,0.3425673266485612,1.97196261682243
100159,-117.02,39.61,2,2111,335.024222257203,1027,348,2.9585,INLAND,legacy_import,176298.0,6.066091954022989,0.15870403707115255,2.9511494252873565
100999,-119.84,40.78,30,9723,2089.759314601537,3652,1247,2.4616,INLAND,survey_2023,68892.0,7.7971130713712915,0.21492947800077516,2.928628708901363
101312,-118.82,39.23,1,505,176.4283125831659,299,95,8.0947,INLAND,legacy_import,317483.0,5.315789473684211,0.3493629952141899,3.1473684210526316
101791,-116.93,33.14,46,2331,482.48427533580826,966,307,0.9533,NEAR BAY,survey_2023,91263.0,7.592833876221499,0.20698596110502285,3.1465798045602607
100202,-122.68,36.51,36,9722,2824.9151374346657,2747,1480,3.221,INLAND,survey_2023,132850.0,6.568918918918919,0.29056934143536983,1.856081081081081
101023,-114.59,35.66,6,5306,1759.0868180600885,1244,610,1.9026,<1H OCEAN,survey_2023,141493.0,8.698360655737705,0.33152785866190887,2.039344262295082
101962,-115.9,32.77,9,3596,728.3985481180174,1455,449,1.9082,<1H OCEAN,survey_2023,106801.0,8.00890868596882,0.2025579944710838,3.2405345211581293
101200,-116.72,37.76,4,3513,717.3220918081834,1715,516,2.5412,NEAR BAY,survey_2023,165505.0,6.808139534883721,0.20419074631602144,3.3236434108527133
100112,-115.0,34.25,44,7131,1280.0967061356855,2235,1092,4.045,<1H OCEAN,survey_2023,240341.0,6.53021978021978,0.17951152799546846,2.0467032967032965
101891,-120.29,37.55,49,7421,1166.986734926884,4505,1416,1.8575,INLAND,survey_2023,102294.0,5.2408192090395485,0.15725464693799812,3.181497175141243
101970,-124.06,41.75,29,659,178.36677260597247,455,214,2.1674,NEAR BAY,survey_2023,188341.0,3.0794392523364484,0.27066278088918433,2.1261682242990654
100980,-120.96,36.66,5,10265,2851.52597723604,3611,1279,3.3844,NEAR OCEAN,survey_2023,174004.0,8.025801407349492,0.2777911327068719,2.82329945269742
100922,-115.35,40.26,13,2952,549.6048285951517,948,329,10.4617,NEAR OCEAN,survey_2023,500001.0,8.972644376899696,0.18618049749158255,2.8814589665653494
101496,-118.11,40.7,47,6274,1555.1403017614375,4328,1305,4.1482,<1H OCEAN,survey_2023,213535.0,4.807662835249042,0.24787062508151697,3.3164750957854405
101602,-122.03,34.26,2,1069,182.01552650754925,906,250,1.7548,INLAND,survey_2023,112303.0,4.276,0.17026709682651942,3.624
101429,-115.62,38.08,28,55,17.47914963475782,51,17,1.3788,<1H OCEAN,survey_2023,104261.0,3.235294117647059,0.31780272063196036,3.0
101824,-117.86,34.49,48,5127,1737.9593673933614,2275,625,2.3713,ISLAND,survey_2023,176337.0,8.2032,0.3389817373499827,3.64
100815,-119.11,39.83,21,817,223.97415513445404,260,123,0.8855,INLAND,legacy_import,66357.0,6.642276422764228,0.27414217274718977,2.113821138211382
101377,-119.15,34.28,33,7250,1690.5408091576828,2281,1193,3.1481,<1H OCEAN,survey_2023,174160.0,6.077116512992456,0.23317804264243902,1.9119865884325231
101302,-123.78,37.81,35,3513,662.6954710779887,2071,611,5.5031,NEAR BAY,survey_2023,295107.0,5.7495908346972175,0.18864089697637026,3.3895253682487727
100679,-115.64,37.4,14,4004,904.9975805867508,1665,596,1.6979,NEAR OCEAN,survey_2023,119562.0,6.718120805369128,0.2260233717749128,2.7936241610738257
101093,-119.17,40.48,14,9397,2660.600490791238,4646,1232,5.2961,<1H OCEAN,legacy_import,304076.0,7.627435064935065,0.2831329669885323,3.771103896103896
100080,-115.67,32.76,32,10318,2438.871573737013,3600,1210,6.75,<1H OCEAN,survey_2023,330623.0,8.527272727272727,0.2363705731476074,2.975206611570248
101774,-116.43,38.76,29,9607,2022.70542318469,3656,1360,3.6415,INLAND,survey_2023,200565.0,7.063970588235295,0.2105449592156438,2.6882352941176473
101355,-115.57,33.23,6,2255,598.9708032643287,940,281,0.9006,<1H OCEAN,survey_2023,60785.0,8.02491103202847,0.26561898149194174,3.3451957295373664
101545,-119.46,33.97,10,5288,1482.183234813316,2315,689,4.0799,<1H OCEAN,survey_2023,232358.0,7.6748911465892595,0.28029183714321404,3.359941944847605
100752,-118.02,34.97,35,5668,1821.659871728916,1140,638,2.3215,INLAND,legacy_import,92938.0,8.884012539184953,0.3213937670657932,1.786833855799373
101330,-118.75,38.39,44,6826,2187.764408913072,2372,837,3.9377,<1H OCEAN,survey_2023,224768.0,8.15531660692951,0.3205046013643528,2.833930704898447
101054,-114.32,38.74,7,9210,2939.81151214728,5338,1443,3.02,<1H OCEAN,survey_2023,214147.0,6.382536382536382,0.31919777547744627,3.6992376992376994
100242,-115.15,38.04,44,584,191.48034982828923,262,81,2.5577,NEAR OCEAN,survey_2023,130842.0,7.209876543209877,0.32787731134981035,3.234567901234568
101352,-119.91,41.12,20,1189,389.6753929192041,364,194,8.3951,INLAND,survey_2023,326347.0,6.128865979381444,0.32773371986476374,1.8762886597938144
100641,-121.08,33.5,15,2339,1015.5418559096522,1559,440,6.4652,NEAR BAY,survey_2023,377334.0,5.3159090909090905,0.4341777921802703,3.543181818181818
100696,-121.41,38.94,48,2092,399.1824154083053,1036,287,1.3794,INLAND,survey_2023,69199.0,7.289198606271777,0.19081377409574823,3.6097560975609757
100209,-122.69,41.15,25,6490,1448.8234863697664,2466,1144,4.3083,NEAR BAY,survey_2023,273668.0,5.673076923076923,0.2232393661586697,2.1555944055944054
100770,-123.19,33.22,21,1294,236.4055023819045,546,224,8.526,INLAND,legacy_import,364495.0,5.776785714285714,0.18269358762125543,2.4375
101768,-120.54,34.06,11,3267,883.533010539776,1726,669,1.2755,<1H OCEAN,survey_2023,93723.0,4.883408071748879,0.27044169284964065,2.579970104633782
100435,-117.29,36.2,30,11102,3116.424982547188,4533,1238,2.8349,NEAR OCEAN,survey_2023,182694.0,8.967689822294023,0.2807084293413068,3.661550888529887
101063,-120.12,38.42,45,6600,2041.6224128163951,3288,840,4.2259,<1H OCEAN,survey_2023,189705.0,7.857142857142857,0.3093367292146053,3.914285714285714
100974,-123.99,36.15,6,8055,2188.2700410418024,2379,1227,4.3906,NEAR BAY,legacy_import,227533.0,6.56479217603912,0.27166605102939817,1.938875305623472
100551,-115.78,33.55,43,8548,1814.3980916113771,4512,1386,4.7204,INLAND,survey_2023,219425.0,6.167388167388167,0.21225995456380173,3.2554112554112553
100808,-119.79,37.03,20,5097,1405.385096068861,3383,1062,1.7138,INLAND,survey_2023,82084.0,4.799435028248587,0.2757278979927136,3.1854990583804144
101957,-120.09,36.49,12,4811,951.0612846166312,1667,614,1.4832,INLAND,survey_2023,34179.0,7.835504885993485,0.1976847400990711,2.714983713355049
101013,-123.91,35.85,42,7531,1651.374660801415,2719,1417,2.5376,<1H OCEAN,survey_2023,127477.0,5.314749470712774,0.21927694340743795,1.9188426252646436
101900,-118.76,36.6,40,737,217.99472592723868,285,132,6.6992,<1H OCEAN,legacy_import,335688.0,5.583333333333333,0.29578660234360743,2.159090909090909
100466,-121.44,36.25,1,5027,1294.6863266654302,1936,1252,0.7277,<1H OCEAN,survey_2023,85361.0,4.01517571884984,0.2575465141566402,1.5463258785942493
101487,-117.35,32.99,17,5041,1598.418432362939,1775,620,2.6235,INLAND,survey_2023,142225.0,8.130645161290323,0.3170836009448401,2.8629032258064515
101317,-116.98,32.55,40,8023,1451.8601166616668,2729,1433,4.4351,<1H OCEAN,survey_2023,217259.0,5.5987438939288205,0.18096224811936518,1.9043963712491276
100277,-117.8,37.31,2,2992,1015.5418559096522,1496,726,1.6419,<1H OCEAN,legacy_import,117712.0,4.121212121212121,0.33941906948852013,2.0606060606060606
101069,-121.43,38.92,16,347,83.05899350829624,126,43,1.9986,<1H OCEAN,survey_2023,121214.0,8.069767441860465,0.23936309368385084,2.9302325581395348
101017,-118.62,36.34,7,3891,1161.4286893201347,922,544,1.8913,<1H OCEAN,legacy_import,113034.0,7.1525735294117645,0.29849105353897065,1.6948529411764706
101333,-114.34,34.35,46,7408,2521.398142810828,3078,1130,4.489,ISLAND,survey_2023,229282.0,6.555752212389381,0.3403615203578332,2.7238938053097344
100722,-123.64,39.91,50,5101,1631.5470600571653,4479,1418,1.3169,<1H OCEAN,survey_2023,88713.0,3.5973201692524683,0.3198484728596678,3.1586741889985896
101967,-120.68,32.88,41,6622,1737.420343329875,1855,751,9.6685,<1H OCEAN,legacy_import,482816.0,8.817576564580559,0.26237093677587964,2.4700399467376832
100786,-118.47,41.63,13,7806,2320.419390949397,1558,999,0.6156,ISLAND,survey_2023,95427.0,7.813813813813814,0.29726100319618204,1.5595595595595595
101558,-115.9,33.28,14,10425,2411.6781838415327,2405,1236,2.745,<1H OCEAN,legacy_import,166934.0,8.434466019417476,0.23133603681933168,1.9457928802588997
101320,-121.83,37.71,28,2016,368.9064936177015,1482,506,3.7553,INLAND,legacy_import,180320.0,3.984189723320158,0.18298933215163765,2.9288537549407114
101381,-120.39,36.61,16,5101,1642.672286643637,3750,1141,7.4017,INLAND,survey_2023,309047.0,4.470639789658194,0.3220294621924401,3.286590709903593
101549,-117.97,37.85,29,7689,1679.6258275898238,4286,1146,6.4463,INLAND,survey_2023,246249.0,6.709424083769633,0.2184452890609733,3.7399650959860384
100906,-116.13,41.74,9,2993,456.8016421180077,1252,357,2.5416,INLAND,survey_2023,127662.0,8.38375350140056,0.15262333515469687,3.507002801120448
100563,-124.15,33.19,38,4469,995.8933519647492,2160,839,5.2653,INLAND,survey_2023,182130.0,5.32657926102503,0.22284478674530078,2.5744934445768775
100388,-116.79,39.2,4,4752,1261.472019847536,2275,926,7.5582,<1H OCEAN,survey_2023,354390.0,5.1317494600431965,0.2654612836379495,2.4568034557235423
100022,-121.38,41.4,13,3577,747.7046301731433,1478,884,2.6697,INLAND,legacy_import,118980.0,4.046380090497737,0.2090312077643677,1.6719457013574661
101233,-123.99,33.05,34,5635,1541.1183836512444,3064,1098,8.8467,ISLAND,survey_2023,425012.0,5.132058287795993,0.27349039638886324,2.790528233151184
100124,-122.02,41.85,42,6074,2031.6918872794815,2142,874,2.9942,<1H OCEAN,survey_2023,169115.0,6.949656750572083,0.33448993863672727,2.4508009153318078
101257,-119.38,34.46,42,2543,698.2448093918789,1239,312,14.5622,<1H OCEAN,survey_2023,500001.0,8.150641025641026,0.2745752298041207,3.9711538461538463
100773,-120.33,36.87,21,4134,1413.883381692924,2714,697,4.6239,INLAND,legacy_import,216932.0,5.931133428981348,0.34201339663592745,3.8938307030129127
100880,-121.99,35.65,34,6230,1119.6399348162672,4810,1370,3.2637,NEAR BAY,survey_2023,166153.0,4.547445255474453,0.17971748552428046,3.510948905109489
101144,-121.63,35.05,17,11791,1791.9567692320932,4347,1405,2.3891,<1H OCEAN,survey_2023,107947.0,8.392170818505338,0.1519766575550923,3.093950177935943
101166,-115.98,41.31,30,625,103.50233737509208,198,92,6.1526,<1H OCEAN,survey_2023,267721.0,6.793478260869565,0.16560373980014734,2.152173913043478
100050,-114.6,36.85,37,4408,1044.113131613134,3024,762,4.1645,<1H OCEAN,legacy_import,244046.0,5.784776902887139,0.23686777032965836,3.968503937007874
101588,-120.02,33.7,21,9569,2907.000658131237,4460,1146,2.1498,NEAR OCEAN,survey_2023,129267.0,8.349912739965095,0.30379356862067475,3.891797556719023
101469,-116.48,34.11,30,3353,822.5627759055068,1542,856,8.5464,<1H OCEAN,survey_2023,425413.0,3.917056074766355,0.2453214362974968,1.8014018691588785
101105,-122.56,36.63,15,620,137.47205420178906,233,101,4.6351,NEAR BAY,survey_2023,258945.0,6.138613861386139,0.22172911968030495,2.3069306930693068
100703,-122.96,32.66,48,7247,2125.7358262059865,2658,1403,2.0444,<1H OCEAN,survey_2023,74109.0,5.16535994297933,0.29332631795308217,1.894511760513186
100482,-119.75,41.47,24,5247,1152.956144660824,2000,756,6.6887,INLAND,legacy_import,261904.0,6.940476190476191,0.21973625779699335,2.6455026455026456
101145,-115.51,36.0,37,6600,1436.2781685521154,2273,1006,0.8969,<1H OCEAN,legacy_import,94269.0,6.560636182902584,0.21761790432607808,2.2594433399602387
101925,-123.37,32.74,45,8413,1634.5650349619812,5038,1373,1.323,<1H OCEAN,survey_2023,110553.0,6.127458120903132,0.19429038808534188,3.6693372177713037
100066,-122.89,34.41,31,5054,1652.5294672242087,1538,994,3.5312,NEAR OCEAN,survey_2023,231049.0,5.084507042253521,0.32697456810926173,1.5472837022132797
101734,-122.99,34.84,22,6035,1030.6468647780769,3434,959,7.0326,<1H OCEAN,legacy_import,307137.0,6.293013555787279,0.17077827088286276,3.5808133472367047
100733,-119.07,41.6,24,2850,469.5145966431789,2874,895,1.7667,INLAND,legacy_import,98574.0,3.184357541899441,0.16474196373444874,3.2111731843575417
101798,-123.59,34.14,52,3500,921.6209428651337,3579,1097,2.1806,INLAND,survey_2023,111979.0,3.1905195989061075,0.26332026939003816,3.2625341841385596
100801,-122.77,41.13,47,1513,336.1537745207773,601,390,0.8954,INLAND,survey_2023,22080.0,3.8794871794871795,0.2221769824988614,1.541025641025641
101559,-115.3,36.87,43,438,112.18307316491416,363,92,5.2752,<1H OCEAN,survey_2023,277468.0,4.760869565217392,0.2561257378194387,3.9456521739130435
101481,-123.1,37.94,42,2929,1015.5418559096522,1384,810,2.9812,NEAR OCEAN,survey_2023,197375.0,3.6160493827160494,0.34671965036177954,1.708641975308642
100907,-120.88,34.65,26,5130,1612.1664652819084,3111,1027,6.3373,INLAND,survey_2023,305727.0,4.995131450827653,0.31426246886586906,3.02921129503408
100031,-122.59,37.87,9,2125,732.8273847632184,861,284,3.8238,NEAR BAY,legacy_import,198556.0,7.482394366197183,0.3448599457709263,3.0316901408450705
100417,-121.01,32.87,28,187,1015.5418559096522,71,28,1.8009,<1H OCEAN,survey_2023,99706.0,6.678571428571429,5.430705111816322,2.5357142857142856
100632,-119.18,32.54,23,1906,416.6247671025875,1013,338,1.5911,<1H OCEAN,survey_2023,144166.0,5.6390532544378695,0.21858592187963669,2.997041420118343
101574,-122.13,40.95,14,4484,1478.7147235915384,1083,639,3.8,INLAND,legacy_import,169102.0,7.017214397496088,0.32977580811586493,1.6948356807511737
101450,-119.33,36.82,38,4909,1311.1464759746334,1478,910,3.519,NEAR BAY,survey_2023,190540.0,5.394505494505495,0.26709033937148774,1.6241758241758242
100064,-121.49,32.99,42,8965,2007.598401447596,1951,1273,5.4645,INLAND,legacy_import,190219.0,7.04241948153967,0.22393735654741728,1.532600157109191
101634,-115.03,33.39,43,213,68.22521230524723,156,62,7.5341,NEAR OCEAN,legacy_import,337509.0,3.435483870967742,0.3203061610574987,2.5161290322580645
101619,-116.99,34.16,36,7643,1385.2786873362595,5256,1395,1.7854,INLAND,survey_2023,61151.0,5.478853046594982,0.18124802922102048,3.767741935483871
100077,-123.56,36.79,2,7232,1555.7143314671885,2385,865,1.8066,<1H OCEAN,legacy_import,151276.0,8.360693641618496,0.21511536662986566,2.7572254335260116
100491,-118.1,34.43,18,2123,412.485560355332,2085,561,9.8601,<1H OCEAN,survey_2023,458114.0,3.784313725490196,0.19429371660637398,3.716577540106952
101421,-119.23,38.43,42,3923,722.7277383907618,2032,1060,6.1205,NEAR OCEAN,legacy_import,309223.0,3.700943396226415,0.18422832994921282,1.9169811320754717
101537,-117.49,35.88,46,2597,700.9103944035895,826,416,3.8302,INLAND,survey_2023,136555.0,6.242788461538462,0.26989233515733135,1.9855769230769231
100532,-114.33,35.3,19,4685,1526.5429773204055,3618,1415,3.6505,INLAND,survey_2023,161666.0,3.3109540636042403,0.3258362811783149,2.5568904593639576
100065,-118.87,39.97,30,5979,1015.5418559096522,2241,698,3.903,<1H OCEAN,legacy_import,196114.0,8.565902578796562,0.16985145608122632,3.2106017191977076
101703,-119.24,40.56,11,7269,2105.331582876051,4607,1169,2.7394,NEAR OCEAN,legacy_import,160447.0,6.218135158254919,0.28963152880396903,3.9409751924721985
100296,-116.6,34.58,35,6662,1568.674260127768,2705,795,3.4371,INLAND,survey_2023,171643.0,8.379874213836478,0.23546596519480156,3.40251572327044
100591,-117.89,40.14,49,3982,1019.795058111312,1913,502,1.818,NEAR OCEAN,legacy_import,143894.0,7.932270916334661,0.2561012200179086,3.810756972111554
100767,-115.53,34.8,8,5963,1673.1082065512455,2775,1000,5.103,INLAND,legacy_import,237305.0,5.963,0.2805816210885872,2.775
100724,-118.56,36.28,11,1673,331.3361635461881,812,462,3.7408,INLAND,survey_2023,123252.0,3.621212121212121,0.19804911150399768,1.7575757575757576
101436,-121.22,34.67,7,8641,1885.677580832878,3569,1102,1.9669,NEAR OCEAN,survey_2023,158628.0,7.84119782214156,0.21822446254286287,3.2386569872958257
100626,-119.67,33.35,4,7430,1538.7685268269845,1730,963,1.7481,<1H OCEAN,survey_2023,106705.0,7.715472481827622,0.20710208974791178,1.7964693665628244
101419,-114.96,32.64,51,7196,2456.1881174657774,2133,1137,1.8834,NEAR OCEAN,survey_2023,133359.0,6.328935795954266,0.3413268645727873,1.8759894459102902
101961,-120.2,36.23,3,811,160.3930724765091,602,177,2.8162,INLAND,survey_2023,117285.0,4.581920903954802,0.197771975926645,3.401129943502825
101212,-122.66,34.2,16,7182,2153.6450522566406,2489,945,4.6678,INLAND,survey_2023,222285.0,7.6,0.29986703595887504,2.6338624338624337
101624,-122.55,34.87,30,6382,1931.431169415727,4990,1361,5.3667,NEAR BAY,survey_2023,248084.0,4.689199118295371,0.3026372875925614,3.6664217487141806
100251,-120.45,41.14,52,4395,1350.840256658272,2461,893,8.7066,<1H OCEAN,survey_2023,388342.0,4.921612541993281,0.3073584201725306,2.755879059350504
101833,-116.82,36.15,40,6211,2119.3990125260098,2550,1196,3.3295,<1H OCEAN,survey_2023,124538.0,5.19314381270903,0.3412331367776541,2.132107023411371
101625,-117.4,35.0,51,1686,446.3750098413614,1708,490,1.1149,<1H OCEAN,survey_2023,112089.0,3.440816326530612,0.26475386111587274,3.4857142857142858
101917,-118.37,35.79,35,2447,692.8790228671502,635,286,1.3087,INLAND,survey_2023,72629.0,8.555944055944057,0.28315448421215783,2.2202797202797204
100982,-123.23,39.2,22,5315,1819.776017558462,1465,917,4.5137,ISLAND,legacy_import,272232.0,5.796074154852781,0.34238495156321014,1.5976008724100328
101903,-123.95,34.89,42,6891,1622.0786167832446,3167,1409,15.0,<1H OCEAN,survey_2023,500001.0,4.8907026259758695,0.2353908890992954,2.247693399574166
100706,-121.08,33.64,45,9324,1811.6340392175612,5367,1433,0.8467,INLAND,survey_2023,40890.0,6.506629448709002,0.19429794500402844,3.7452896022330773
100487,-121.49,40.7,43,8626,2349.9114431044804,2015,1263,6.1352,NEAR BAY,legacy_import,291050.0,6.829770387965162,0.27242191550017164,1.5954077593032463
100273,-115.17,38.7,6,6878,2311.317926387383,2160,1243,3.1422,INLAND,survey_2023,107194.0,5.533386967015286,0.3360450605390205,1.7377312952534192
101517,-115.32,36.16,32,860,297.34464131386386,192,97,5.1467,<1H OCEAN,survey_2023,268828.0,8.8659793814433,0.3457495829230975,1.9793814432989691
101682,-117.89,39.84,34,5393,959.0424045113562,4553,1213,1.868,NEAR BAY,survey_2023,131007.0,4.446001648804617,0.17783096690364475,3.7535037098103876
100963,-120.41,41.8,50,4355,1191.0546815264493,1532,797,1.2456,INLAND,survey_2023,85706.0,5.4642409033877035,0.27349131607955207,1.9222082810539523
100877,-117.71,34.44,44,1891,325.85599296663423,1830,510,2.1435,<1H OCEAN,survey_2023,112088.0,3.707843137254902,0.17231940400139303,3.588235294117647
101413,-123.73,35.92,30,12240,3357.259118860547,4459,1483,2.9282,NEAR OCEAN,legacy_import,181813.0,8.25354012137559,0.2742858757239009,3.0067430883344572
101826,-123.88,36.93,26,1096,1015.5418559096522,287,128,1.9552,<1H OCEAN,survey_2023,143696.0,8.5625,0.9265892845890987,2.2421875
100411,-114.8,33.84,28,395,95.7662463067164,89,53,2.93,NEAR OCEAN,survey_2023,194234.0,7.452830188679245,0.2424461931815605,1.679245283018868
100667,-122.69,38.69,41,4890,1023.0500342546148,2975,890,3.4739,<1H OCEAN,survey_2023,195398.0,5.49438202247191,0.20921268594163903,3.342696629213483
101262,-121.2,36.48,24,922,160.9269309577994,1117,300,8.6911,INLAND,survey_2023,346880.0,3.0733333333333333,0.1745411398674614,3.723333333333333
100149,-121.51,40.37,20,266,85.39825532990446,95,35,3.8704,<1H OCEAN,survey_2023,178651.0,7.6,0.32104607266881374,2.7142857142857144
100644,-123.1,32.96,34,7773,1740.7717281748469,3574,1269,2.6098,INLAND,survey_2023,91522.0,6.125295508274232,0.22395107785602045,2.8163908589440503
101617,-117.68,40.53,6,3251,1096.3617400331095,2183,775,4.3455,<1H OCEAN,survey_2023,201843.0,4.19483870967742,0.337238308223042,2.816774193548387
100218,-117.8,40.79,23,4087,1334.2037030202391,2485,987,1.1445,<1H OCEAN,survey_2023,117210.0,4.1408308004052685,0.3264506246685195,2.517730496453901
100239,-122.53,34.78,46,61,12.853199077567046,21,8,2.6005,INLAND,survey_2023,72499.0,7.625,0.21070818159945978,2.625
101131,-119.34,40.32,14,8829,2451.9417402406057,3816,1191,6.8967,INLAND,survey_2023,316669.0,7.413098236775818,0.27771454754112646,3.204030226700252
101216,-123.48,34.07,42,1400,257.23628810326824,734,230,1.6014,NEAR OCEAN,survey_2023,103303.0,6.086956521739131,0.18374020578804873,3.1913043478260867
100792,-119.24,37.91,21,1982,692.0604402207302,495,280,6.0637,NEAR BAY,survey_2023,315460.0,7.078571428571428,0.34917277508614036,1.7678571428571428
100191,-115.33,41.12,10,7860,1196.639239044571,2502,1008,4.9069,<1H OCEAN,survey_2023,274330.0,7.7976190476190474,0.1522441779954925,2.482142857142857
100333,-123.14,39.02,22,919,149.88234792473733,452,116,3.1494,<1H OCEAN,survey_2023,153292.0,7.922413793103448,0.1630928704295292,3.896551724137931
101332,-122.02,34.11,34,1641,456.1002168006176,423,203,2.5637,INLAND,survey_2023,127514.0,8.083743842364532,0.2779404124318206,2.083743842364532
101353,-117.05,37.32,1,940,229.04143162718324,596,308,1.1782,INLAND,survey_2023,102038.0,3.051948051948052,0.24366109747572687,1.9350649350649352
100962,-121.85,35.69,31,1134,328.5380055654928,418,180,3.2445,<1H OCEAN,survey_2023,163572.0,6.3,0.289716054290558,2.3222222222222224
101331,-117.11,39.55,15,2589,712.1806666217759,2153,680,1.6461,<1H OCEAN,survey_2023,98409.0,3.8073529411764704,0.27507943863336265,3.166176470588235
101965,-118.42,39.98,35,6242,1986.486818758552,2599,707,3.2095,NEAR OCEAN,legacy_import,188906.0,8.828854314002829,0.31824524491485934,3.676096181046676
101766,-116.93,38.16,26,1749,378.6921103217094,1486,483,0.6805,<1H OCEAN,legacy_import,92410.0,3.62111801242236,0.21651921687919348,3.0766045548654244
101744,-120.14,32.57,10,3869,1037.68436206554,3210,924,3.2919,NEAR OCEAN,survey_2023,226987.0,4.187229437229437,0.26820479763906435,3.4740259740259742
100582,-119.37,37.28,21,1400,228.9003440842685,770,442,1.4402,INLAND,legacy_import,91116.0,3.167420814479638,0.1635002457744775,1.742081447963801
101923,-120.75,35.03,39,1758,332.9775364021359,1046,440,4.7736,NEAR BAY,survey_2023,237325.0,3.9954545454545456,0.18940701729359266,2.3772727272727274
101445,-122.53,38.67,10,4690,1185.8589659111854,1451,899,0.9401,NEAR OCEAN,survey_2023,104057.0,5.216907675194661,0.2528483935844745,1.614015572858732
100839,-117.98,36.03,14,7031,1459.290013078741,2290,975,2.1555,INLAND,survey_2023,114485.0,7.211282051282051,0.20755084811246494,2.348717948717949
100627,-116.83,39.03,51,9522,2092.1569867771645,4747,1310,1.3959,<1H OCEAN,survey_2023,92325.0,7.268702290076336,0.2197182300753166,3.6236641221374044
100323,-121.5,35.44,39,1496,496.990806358742,495,180,3.8569,<1H OCEAN,survey_2023,228123.0,8.311111111111112,0.3322131058547741,2.75
101927,-119.49,38.77,14,2250,757.692953913038,1235,528,3.1813,INLAND,legacy_import,145472.0,4.261363636363637,0.3367524239613502,2.3390151515151514
101160,-116.04,36.72,16,1911,578.9708531726719,789,240,0.5,<1H OCEAN,survey_2023,112999.0,7.9625,0.30296747942055047,3.2875
100778,-117.1,36.73,23,2303,724.2668426132957,783,351,2.5589,INLAND,survey_2023,74385.0,6.561253561253562,0.31448842492978535,2.230769230769231
101076,-120.46,41.49,42,8688,1480.4871449290536,2029,1043,2.7182,<1H OCEAN,survey_2023,119735.0,8.329817833173538,0.17040597892829806,1.9453499520613615
100939,-118.53,32.9,13,4755,1226.509945075626,2568,710,2.1347,<1H OCEAN,survey_2023,126527.0,6.697183098591549,0.2579411030653262,3.6169014084507043
100437,-116.08,35.73,29,2626,702.0624758906623,725,450,5.6683,INLAND,survey_2023,268514.0,5.835555555555556,0.26735052394922404,1.6111111111111112
100119,-118.91,40.88,11,5844,1371.4894498371702,5316,1434,2.3558,<1H OCEAN,survey_2023,113836.0,4.075313807531381,0.2346833418612543,3.707112970711297
101470,-118.63,32.68,40,3443,1015.5418559096522,1938,944,2.9987,INLAND,survey_2023,125341.0,3.6472457627118646,0.2949584246034424,2.0529661016949152
101575,-123.34,36.03,44,2205,671.8665203212173,1464,478,2.363,INLAND,survey_2023,128959.0,4.612970711297071,0.30470136976018924,3.062761506276151
101026,-115.68,41.47,23,8579,2292.967705106995,5296,1336,0.6211,<1H OCEAN,survey_2023,70967.0,6.421407185628743,0.26727680441857965,3.964071856287425
101253,-123.05,33.61,14,104,27.57536979584776,31,13,3.8783,INLAND,survey_2023,178788.0,8.0,0.26514778649853615,2.3846153846153846
101389,-119.76,38.84,29,3144,607.2267321813505,904,528,4.0853,<1H OCEAN,legacy_import,214472.0,5.954545454545454,0.19313827359457714,1.7121212121212122
100076,-116.59,34.77,2,4662,1133.9051830535673,2671,1137,4.0647,<1H OCEAN,legacy_import,204539.0,4.100263852242744,0.24322290498789517,2.3491644678979773
101053,-116.31,35.23,22,2824,910.144099042757,1267,357,6.6427,INLAND,survey_2023,280428.0,7.910364145658264,0.3222889869131576,3.549019607843137
100900,-122.22,33.71,31,9094,2151.042985889502,4486,1298,1.9191,NEAR OCEAN,survey_2023,119213.0,7.006163328197227,0.2365343067835388,3.4560862865947612
100371,-124.12,40.53,19,4322,1079.092277447775,1378,525,12.6194,INLAND,survey_2023,500001.0,8.232380952380952,0.2496742890901839,2.624761904761905
101877,-119.22,40.85,21,9496,3208.1419668098806,4504,1375,1.0551,INLAND,survey_2023,82823.0,6.906181818181818,0.33784140341300345,3.2756363636363637
101830,-114.5,36.12,29,1733,442.0436855734278,1035,305,1.6795,NEAR OCEAN,survey_2023,151376.0,5.6819672131147545,0.2550742559569693,3.3934426229508197
101992,-118.2,39.65,46,5159,1014.1712439253046,3652,1319,3.4898,INLAND,legacy_import,184793.0,3.9112964366944656,0.19658291217780666,2.7687642153146323
100941,-118.76,38.21,13,4284,1015.5418559096522,2609,685,1.2092,NEAR BAY,survey_2023,97720.0,6.254014598540146,0.23705458821420453,3.808759124087591
100577,-115.03,38.23,2,2213,726.6939488850861,1326,396,4.8315,<1H OCEAN,survey_2023,271691.0,5.588383838383838,0.32837503338684415,3.3484848484848486
100819,-120.95,35.89,45,3833,1067.2097674724691,2457,779,4.8463,NEAR BAY,survey_2023,272523.0,4.920410783055199,0.27842675905882314,3.154043645699615
101479,-119.94,36.32,17,485,148.20534381204098,263,79,5.2776,<1H OCEAN,survey_2023,265326.0,6.139240506329114,0.305578028478435,3.329113924050633
101532,-117.14,35.6,35,6222,1573.1338283229395,3593,1282,3.0007,<1H OCEAN,survey_2023,154552.0,4.853354134165366,0.25283410934152034,2.8026521060842433
101746,-124.11,38.8,21,587,88.74230076031876,206,104,5.8959,NEAR OCEAN,survey_2023,318825.0,5.644230769230769,0.15117938800735733,1.9807692307692308
101390,-121.94,35.57,34,2723,504.1056312006666,840,398,3.2403,<1H OCEAN,survey_2023,185492.0,6.841708542713568,0.18512876650777327,2.1105527638190953
100886,-117.77,37.32,32,2618,399.0437834519759,873,432,5.1192,INLAND,legacy_import,202216.0,6.060185185185185,0.1524231411199297,2.0208333333333335
100968,-118.64,41.5,2,7713,2627.1624494597536,3116,1170,3.046,INLAND,legacy_import,131327.0,6.592307692307692,0.3406148644444125,2.663247863247863
101609,-118.9,41.71,2,10670,3130.61009037485,4764,1433,4.4163,INLAND,survey_2023,252576.0,7.4459176552686674,0.2934030075327882,3.324494068387997
100785,-115.22,34.8,30,1399,253.96343449592456,609,175,1.1058,NEAR BAY,survey_2023,125400.0,7.994285714285715,0.181532119010668,3.48
101553,-115.46,37.3,16,1248,316.46025694761033,1053,348,3.0551,INLAND,survey_2023,134111.0,3.586206896551724,0.25357392383622623,3.0258620689655173
101834,-116.18,36.86,12,76,17.847227181691036,86,22,0.5,NEAR BAY,survey_2023,123858.0,3.4545454545454546,0.23483193660119783,3.909090909090909
101621,-123.7,34.59,18,8186,2322.344341586658,2498,1107,3.6012,INLAND,survey_2023,180174.0,7.394760614272809,0.28369708546135575,2.256549232158988
100301,-118.99,37.93,47,4027,1246.921998708561,2883,1258,4.769,INLAND,survey_2023,154462.0,3.2011128775834656,0.30964042679626547,2.2917329093799683
100689,-122.43,36.34,32,5339,827.0076101643784,1065,610,5.9096,NEAR OCEAN,survey_2023,265976.0,8.752459016393443,0.15489934635032374,1.7459016393442623
100812,-123.05,38.83,9,5371,1154.4644691572996,3424,871,2.1956,NEAR BAY,survey_2023,181806.0,6.1664753157290475,0.2149440456446285,3.931113662456946
101061,-114.46,33.37,35,4129,629.9353797758873,4829,1282,1.9265,<1H OCEAN,survey_2023,143141.0,3.220748829953198,0.15256366669311874,3.766770670826833
100236,-121.49,40.98,23,4781,1310.4422149744223,1069,581,3.233,<1H OCEAN,survey_2023,164401.0,8.228915662650602,0.2740937492102954,1.8399311531841653
101115,-118.5,40.84,47,5825,1974.8119211537464,4216,1444,1.9246,<1H OCEAN,survey_2023,120211.0,4.03393351800554,0.3390235057774672,2.919667590027701
101405,-119.55,40.16,52,625,171.1776942418183,349,135,3.7269,<1H OCEAN,survey_2023,217517.0,4.62962962962963,0.2738843107869093,2.585185185185185
100499,-114.44,36.37,37,5170,1452.4348605116836,3485,1495,2.1002,<1H OCEAN,survey_2023,133067.0,3.4581939799331103,0.2809351761144456,2.331103678929766
101681,-114.54,33.69,13,2629,722.783376758243,1446,512,0.6767,NEAR BAY,survey_2023,73575.0,5.134765625,0.27492711173763523,2.82421875
101079,-114.8,41.47,36,528,173.11301378125287,232,92,3.2796,NEAR BAY,survey_2023,190317.0,5.739130434782608,0.32786555640388804,2.5217391304347827
101326,-122.48,40.13,23,8209,2225.0342757820085,3458,918,3.2023,<1H OCEAN,survey_2023,186733.0,8.942265795206971,0.2710481515144364,3.766884531590414
100794,-124.12,36.65,23,2775,605.9686796123564,1564,557,0.5,INLAND,survey_2023,45681.0,4.982046678635547,0.21836709175220048,2.807899461400359
101938,-119.32,34.12,10,943,217.79369468885275,258,113,0.525,<1H OCEAN,survey_2023,40209.0,8.345132743362832,0.23095831886410684,2.2831858407079646
101542,-118.63,33.9,1,2607,655.2314801436405,1264,599,2.1309,<1H OCEAN,legacy_import,90813.0,4.352253756260434,0.25133543542141945,2.1101836393989983
101946,-119.9,38.79,51,5298,1463.046411759124,3338,1213,1.0123,NEAR OCEAN,survey_2023,93339.0,4.367683429513603,0.27615070059628616,2.7518549051937344
100990,-116.31,34.2,25,1924,616.8086421795706,1444,475,1.5837,<1H OCEAN,survey_2023,120297.0,4.050526315789473,0.3205866123594442,3.04
101382,-114.61,32.8,14,8645,2533.809955500997,3360,1151,5.2807,INLAND,survey_2023,212128.0,7.510860121633362,0.29309542573753583,2.9192006950477847
100934,-122.58,39.24,30,5062,1015.5418559096522,1813,847,3.3327,<1H OCEAN,survey_2023,146315.0,5.976387249114522,0.20062067481423393,2.1404958677685952
100387,-122.53,38.21,39,1813,467.9776822742296,688,441,3.6176,<1H OCEAN,survey_2023,176935.0,4.111111111111111,0.2581233768749198,1.560090702947846
101480,-116.12,33.96,18,697,132.52257786636886,655,169,13.9152,INLAND,survey_2023,500001.0,4.124260355029586,0.19013282333768847,3.8757396449704142
100390,-114.39,36.06,12,503,139.84722038832678,268,84,12.4631,<1H OCEAN,survey_2023,500001.0,5.988095238095238,0.27802628307818444,3.1904761904761907
100743,-119.27,33.84,28,4633,1584.5161493234775,2872,770,6.09,INLAND,legacy_import,262371.0,6.0168831168831165,0.3420065075163992,3.72987012987013
100352,-117.71,38.32,28,648,225.1598472195845,280,78,3.9722,INLAND,survey_2023,196658.0,8.307692307692308,0.34746890003022296,3.58974358974359
101217,-117.5,32.52,24,2645,405.413383527115,1060,370,5.5368,<1H OCEAN,survey_2023,268364.0,7.148648648648648,0.15327538129569565,2.864864864864865
100235,-117.08,38.14,45,763,229.148859098365,374,107,1.5732,<1H OCEAN,survey_2023,158027.0,7.130841121495327,0.3003261587134535,3.4953271028037385
101720,-122.88,35.76,44,6720,1473.8891954848707,2122,1301,3.6116,INLAND,survey_2023,181638.0,5.165257494235203,0.21932874932810575,1.631053036126057
100480,-118.01,35.12,35,615,184.5847738741128,401,112,5.6023,INLAND,survey_2023,282045.0,5.491071428571429,0.30013784369774443,3.580357142857143
100567,-119.93,35.17,31,4511,1410.862324324119,4727,1345,4.1425,NEAR OCEAN,survey_2023,233983.0,3.3539033457249072,0.3127604354520326,3.5144981412639407
101140,-116.05,36.03,14,6399,2122.6680738153777,1085,719,5.2597,INLAND,survey_2023,238211.0,8.899860917941586,0.33171871758327515,1.5090403337969402
101695,-123.62,32.79,6,6090,1783.8626679343402,1971,865,3.6877,INLAND,survey_2023,211692.0,7.040462427745664,0.292916694242092,2.2786127167630057
101878,-121.32,37.79,6,1861,538.6755117211276,853,267,8.2076,INLAND,survey_2023,344329.0,6.9700374531835205,0.28945486927518943,3.194756554307116
101578,-118.23,39.55,12,4241,1015.5418559096522,1419,698,1.3371,<1H OCEAN,survey_2023,126945.0,6.0759312320916905,0.23945811268796327,2.0329512893982806
100120,-116.23,40.13,45,9478,3177.009551698477,3933,1203,2.9987,<1H OCEAN,survey_2023,98136.0,7.878636741479634,0.335198306783971,3.2693266832917707
101741,-116.96,40.27,38,6901,1328.6883522789872,3471,1283,1.5383,NEAR OCEAN,survey_2023,142314.0,5.37879968823071,0.19253562560193987,2.705378020265004
101024,-114.86,33.04,24,430,126.02101504428302,451,136,4.1307,INLAND,legacy_import,155623.0,3.161764705882353,0.2930721280099605,3.3161764705882355
101086,-118.17,36.38,48,10474,2230.451901244739,5283,1443,4.2624,NEAR BAY,survey_2023,157158.0,7.258489258489258,0.2129512985721538,3.6611226611226613
101272,-116.5,39.37,19,1476,482.3898487914033,470,202,1.521,<1H OCEAN,survey_2023,132527.0,7.306930693069307,0.32682239078008357,2.3267326732673266
100926,-121.61,40.16,10,4138,1352.0997750353347,1867,720,2.8373,NEAR BAY,legacy_import,214612.0,5.747222222222222,0.3267519997668764,2.5930555555555554
100515,-124.04,41.3,12,4295,1260.938471079832,1776,946,6.0887,INLAND,survey_2023,275945.0,4.540169133192389,0.2935828803445476,1.8773784355179703
100223,-120.62,34.8,4,1638,274.9484805890493,1300,511,0.5,INLAND,survey_2023,40463.0,3.2054794520547945,0.16785621525582986,2.544031311154599
101488,-120.41,32.8,9,7286,1730.827640474218,2386,855,0.5,NEAR BAY,legacy_import,88766.0,8.521637426900584,0.23755526221166867,2.7906432748538013
100613,-123.48,39.54,35,8281,2688.6172613271483,3403,1291,2.0837,<1H OCEAN,legacy_import,147437.0,6.41440743609605,0.3246730179117435,2.635941130906274
100843,-114.69,41.53,35,568,149.81405354951428,195,109,5.2577,<1H OCEAN,survey_2023,227159.0,5.2110091743119265,0.263757136530835,1.7889908256880733
101245,-118.04,34.13,46,4765,1153.7961353220317,4534,1431,5.0669,INLAND,survey_2023,185675.0,3.3298392732354998,0.24213979754921966,3.1684136967155836
100052,-114.91,34.07,4,1192,258.8926847698104,1086,310,1.9508,<1H OCEAN,legacy_import,112799.0,3.8451612903225807,0.21719184963910268,3.503225806451613
101857,-119.69,37.73,37,5834,1716.1588761270118,2272,684,5.9645,<1H OCEAN,survey_2023,296749.0,8.529239766081872,0.29416504561656015,3.3216374269005846
100485,-115.29,41.82,50,984,286.3268642784476,316,139,3.7284,<1H OCEAN,legacy_import,197691.0,7.079136690647482,0.29098258564882884,2.273381294964029
101929,-123.65,33.64,42,3733,706.7554829051173,2423,949,6.4343,<1H OCEAN,survey_2023,310912.0,3.933614330874605,0.18932640849320045,2.553213909378293
100818,-123.75,32.59,48,4851,1263.8490138144264,3223,974,13.9894,<1H OCEAN,legacy_import,500001.0,4.980492813141684,0.2605337072385954,3.309034907597536
100155,-121.88,34.78,34,3822,998.2080864232456,1888,531,2.6692,<1H OCEAN,legacy_import,184790.0,7.19774011299435,0.26117427692915895,3.5555555555555554
101366,-117.14,35.58,15,4462,981.4693273284522,2008,788,2.0704,INLAND,legacy_import,110237.0,5.66243654822335,0.21996174973743887,2.548223350253807
100600,-122.61,38.48,32,6668,2327.59715491534,3833,1101,2.4516,INLAND,survey_2023,98455.0,6.056312443233424,0.3490697592854439,3.481380563124432
101615,-117.61,33.33,44,4751,1479.6170108538806,2485,1289,8.0824,NEAR OCEAN,survey_2023,365301.0,3.6858029480217223,0.31143275328433606,1.9278510473235067
100248,-114.66,38.19,5,3885,1086.0217071925645,984,555,2.6261,INLAND,survey_2023,159670.0,7.0,0.27954226697363305,1.772972972972973
100761,-121.18,32.57,16,5723,901.294641392784,3834,1012,1.3263,NEAR BAY,survey_2023,88908.0,5.655138339920948,0.15748639549061402,3.7885375494071147
101841,-119.98,32.81,37,1386,1015.5418559096522,280,172,4.714,<1H OCEAN,survey_2023,240970.0,8.05813953488372,0.7327141817529959,1.627906976744186
101130,-117.07,40.15,44,4817,1063.3970524007432,3767,1019,2.7608,<1H OCEAN,survey_2023,134865.0,4.727183513248282,0.22075919709378103,3.6967615309126596
100542,-122.01,40.54,12,9801,2742.022493906988,5148,1492,1.0257,INLAND,survey_2023,78531.0,6.569034852546917,0.279769665738903,3.450402144772118
100793,-118.19,34.97,39,4867,1505.9315222341572,3288,1060,1.2306,INLAND,survey_2023,84944.0,4.591509433962264,0.3094167910898207,3.1018867924528304
101141,-120.82,41.25,8,1042,241.86597626344687,503,234,3.8532,INLAND,legacy_import,188960.0,4.452991452991453,0.23211705975378777,2.1495726495726495
101466,-114.53,36.82,17,1052,351.62365706236244,249,158,0.6827,INLAND,legacy_import,30817.0,6.658227848101266,0.33424302002125705,1.5759493670886076
100628,-123.93,37.19,21,5743,1428.3036109520733,5758,1478,7.3849,<1H OCEAN,survey_2023,365537.0,3.8856562922868743,0.24870339734495445,3.8958051420838973
100150,-115.22,35.68,50,1356,251.5802822096899,603,162,1.6585,NEAR OCEAN,survey_2023,110418.0,8.37037037037037,0.18553118157056778,3.7222222222222223
101654,-123.42,32.79,21,3056,1010.2603595700892,1436,644,3.0848,<1H OCEAN,survey_2023,165049.0,4.745341614906832,0.3305825783933538,2.229813664596273
100291,-123.93,35.17,24,1108,219.920736253346,483,132,0.7518,<1H OCEAN,survey_2023,145113.0,8.393939393939394,0.1984844190012148,3.659090909090909
100381,-117.33,40.65,40,5232,1208.5016637342835,4336,1208,3.3233,NEAR OCEAN,survey_2023,153805.0,4.33112582781457,0.23098273389416735,3.589403973509934
100686,-118.58,33.68,47,3932,811.341836202037,1922,569,2.5974,INLAND,survey_2023,120276.0,6.910369068541301,0.20634329506664217,3.377855887521968
101367,-115.21,35.06,44,3060,824.8193825725803,1076,618,3.7998,<1H OCEAN,legacy_import,235204.0,4.951456310679611,0.26954881783417656,1.7411003236245954
101224,-120.1,34.07,43,4749,1400.5009978171113,2213,900,4.3623,ISLAND,survey_2023,243676.0,5.276666666666666,0.29490440046685856,2.4588888888888887
100897,-115.34,35.18,24,2726,491.752237666346,1129,554,2.2332,NEAR BAY,survey_2023,167435.0,4.92057761732852,0.18039333736843213,2.0379061371841156
100854,-122.25,33.47,36,1056,171.30718727830632,731,191,4.3014,<1H OCEAN,legacy_import,217400.0,5.528795811518324,0.16222271522566886,3.8272251308900525
101071,-121.96,38.3,7,8907,2589.716499438912,4259,1358,2.9654,<1H OCEAN,survey_2023,169828.0,6.558910162002945,0.29075070163230177,3.1362297496318114
101539,-119.05,33.09,36,11791,2446.08028264474,2917,1333,3.1832,<1H OCEAN,survey_2023,178141.0,8.845461365341336,0.20745316619834958,2.1882970742685672
101701,-119.98,38.95,2,35,5.804585765166439,14,5,2.1717,NEAR OCEAN,survey_2023,178923.0,7.0,0.16584530757618396,2.8
100891,-115.74,39.09,31,399,102.58432190727528,230,69,0.5,<1H OCEAN,legacy_import,59122.0,5.782608695652174,0.2571035636773817,3.3333333333333335
101770,-119.71,37.69,34,2660,723.9661653031845,1436,387,5.1702,INLAND,survey_2023,212238.0,6.873385012919897,0.2721677313169867,3.710594315245478
101364,-116.97,41.42,13,6849,1377.9553306593543,2819,968,1.1653,<1H OCEAN,survey_2023,73639.0,7.075413223140496,0.20119073304998603,2.9121900826446283
100615,-115.09,33.47,12,7086,1294.2183402006854,2731,1023,7.1322,<1H OCEAN,legacy_import,350470.0,6.926686217008798,0.18264441718891974,2.6695992179863146
100154,-114.44,33.46,16,3639,582.1700736389517,823,471,2.2784,<1H OCEAN,survey_2023,170797.0,7.726114649681529,0.15998078418217965,1.7473460721868366
101193,-118.09,35.6,33,4557,1033.5707846452076,2632,757,0.9029,<1H OCEAN,survey_2023,100199.0,6.019815059445178,0.22680947655150485,3.476882430647292
101997,-123.61,36.25,38,9021,2675.1598947046364,3834,1025,0.8091,<1H OCEAN,survey_2023,59884.0,8.800975609756097,0.29654804286715847,3.740487804878049
101794,-123.88,32.81,30,130,43.68797973765909,61,21,3.6718,<1H OCEAN,survey_2023,198904.0,6.190476190476191,0.3360613825973776,2.9047619047619047
100322,-117.7,38.28,9,5996,1201.909485056695,2404,878,4.4206,INLAND,survey_2023,184675.0,6.829157175398633,0.2004518820975142,2.7380410022779045
101726,-119.21,33.09,23,3307,909.4399130170086,1911,527,2.903,<1H OCEAN,survey_2023,149164.0,6.275142314990513,0.2750045095303927,3.6261859582542693
100082,-120.99,36.91,16,1018,221.55953767390992,860,227,2.25,INLAND,survey_2023,128659.0,4.484581497797357,0.21764198199794688,3.788546255506608
100512,-114.97,36.76,11,1242,207.02950554926787,649,233,1.5321,<1H OCEAN,survey_2023,118669.0,5.330472103004292,0.16669042314755866,2.7854077253218885
101538,-122.49,38.9,46,2424,499.8551591450672,1879,557,0.9706,<1H OCEAN,survey_2023,62688.0,4.351885098743267,0.2062108742347637,3.3734290843806103
101497,-119.67,40.92,43,5893,1065.2500033263789,5190,1490,2.4228,NEAR OCEAN,legacy_import,163580.0,3.95503355704698,0.1807653153447105,3.4832214765100673
100929,-121.72,36.24,8,4499,785.6652954951137,3169,1023,2.4298,<1H OCEAN,legacy_import,185293.0,4.397849462365591,0.1746310947977581,3.0977517106549364
101645,-116.75,33.97,9,5291,1093.467412998823,2385,1278,4.3798,INLAND,survey_2023,186874.0,4.140062597809076,0.20666554772232526,1.8661971830985915
101357,-120.08,36.14,18,4765,1051.575036429384,3700,933,3.5795,INLAND,survey_2023,204273.0,5.107181136120043,0.22068731089808688,3.9657020364415865
100010,-124.09,32.82,2,988,294.0988694951567,488,158,1.2885,<1H OCEAN,survey_2023,96994.0,6.253164556962025,0.29767092054165656,3.088607594936709
100831,-119.78,38.79,50,5232,1015.5418559096522,2740,1286,10.7227,<1H OCEAN,survey_2023,494597.0,4.0684292379471225,0.1941020366799794,2.1306376360808708
100032,-123.65,36.91,39,2641,578.0445904097018,961,466,5.602,<1H OCEAN,survey_2023,261343.0,5.667381974248927,0.2188733776636508,2.0622317596566524
101527,-121.23,39.71,49,1673,348.4214715234436,779,315,0.5,INLAND,legacy_import,28978.0,5.311111111111111,0.20826148925489754,2.473015873015873
100413,-118.57,32.76,23,13085,2988.3363910892854,5402,1456,4.9649,INLAND,survey_2023,192708.0,8.98695054945055,0.2283787841871827,3.7101648351648353
100580,-119.71,33.67,42,9362,2309.1143917346403,4489,1244,3.2,<1H OCEAN,survey_2023,153247.0,7.52572347266881,0.2466475530586029,3.6085209003215435
101406,-115.86,40.65,32,4478,1342.256887771691,2140,754,2.8029,<1H OCEAN,survey_2023,137066.0,5.938992042440319,0.2997447270593325,2.8381962864721486
101563,-121.55,36.48,7,7709,1310.1709496588153,2943,970,4.4622,NEAR BAY,survey_2023,253340.0,7.947422680412371,0.16995342452442797,3.034020618556701
101680,-120.84,39.63,42,4018,962.2398446650292,937,564,4.4095,NEAR OCEAN,survey_2023,256753.0,7.124113475177305,0.239482290857399,1.6613475177304964
101920,-117.34,41.49,46,3270,947.3910852235962,1239,430,1.8825,INLAND,survey_2023,103753.0,7.604651162790698,0.28972204441088567,2.8813953488372093
100614,-115.56,35.5,6,8287,2002.8006798508088,3644,1357,6.8236,INLAND,survey_2023,251639.0,6.106853352984524,0.24167982138902,2.6853352984524688
101045,-118.14,39.19,21,4536,680.5592279863081,1804,812,5.7862,<1H OCEAN,survey_2023,296778.0,5.586206896551724,0.15003510317158467,2.2216748768472905
101402,-123.93,41.99,41,1210,188.83661824910763,535,214,6.2399,INLAND,survey_2023,257064.0,5.654205607476635,0.1560633208670311,2.5
101014,-117.24,38.4,17,5358,1411.103372620042,2526,703,5.7781,INLAND,survey_2023,292868.0,7.621621621621622,0.26336382467712616,3.593172119487909
100089,-119.58,36.11,11,5654,1037.0268906028396,3074,1185,4.1504,<1H OCEAN,survey_2023,217304.0,4.771308016877637,0.18341473127039964,2.5940928270042196
101714,-123.72,41.91,14,399,68.4781840622257,194,53,3.0357000000000003,<1H OCEAN,legacy_import,399319.0,7.528301886792453,0.17162452145921225,3.660377358490566
100601,-121.51,33.02,10,1316,283.33399658631606,473,217,11.7569,<1H OCEAN,survey_2023,500001.0,6.064516129032258,0.21529938950327968,2.1797235023041477
101237,-119.57,41.62,18,2185,744.4746717070972,1687,445,2.7154,INLAND,survey_2023,87865.0,4.910112359550562,0.3407206735501589,3.791011235955056
101852,-115.69,38.32,23,3836,846.2838639579443,1068,676,2.0484,ISLAND,survey_2023,189453.0,5.674556213017752,0.22061623148017317,1.5798816568047338
100133,-120.92,37.51,38,4795,1220.0882528581376,2801,923,0.6815,INLAND,survey_2023,34170.0,5.1950162513542795,0.254450104871353,3.034669555796316
101370,-114.59,34.58,33,1740,561.3476626962148,1595,532,1.9688,<1H OCEAN,survey_2023,143691.0,3.2706766917293235,0.32261359925069816,2.9981203007518795
100555,-120.27,41.57,39,7408,2095.366100530828,3453,1336,2.2783,NEAR BAY,legacy_import,135815.0,5.544910179640719,0.2828517954280276,2.5845808383233533
101031,-118.34,36.47,46,7743,2257.141537457566,2625,1072,3.0357000000000003,<1H OCEAN,survey_2023,78342.0,7.22294776119403,0.2915073663253992,2.4486940298507465
101596,-121.56,34.68,23,12066,3817.473205896242,3416,1444,4.5389,INLAND,survey_2023,191393.0,8.35595567867036,0.3163826625141921,2.365650969529086
100320,-118.81,41.12,45,7858,1256.671376937892,2566,876,3.0357000000000003,INLAND,survey_2023,114619.0,8.970319634703197,0.15992254733238637,2.9292237442922375
101785,-115.35,33.49,34,2519,760.756063981973,1994,825,10.7262,<1H OCEAN,survey_2023,443617.0,3.0533333333333332,0.3020071710924863,2.416969696969697
101211,-119.79,38.9,6,3812,1194.259987279178,4022,1186,2.3457,<1H OCEAN,survey_2023,158483.0,3.2141652613827993,0.3132896084153143,3.3912310286677907
101752,-124.18,35.48,18,6200,1941.1855741666573,2717,814,3.0434,NEAR OCEAN,legacy_import,170391.0,7.616707616707616,0.31309444744623505,3.3378378378378377
100634,-123.23,39.27,13,10309,2768.30453238524,3789,1452,2.3246,<1H OCEAN,legacy_import,126503.0,7.099862258953168,0.268532790026699,2.6095041322314048
100552,-118.78,40.18,15,6391,1703.676443366894,5398,1378,3.6799,NEAR OCEAN,survey_2023,194253.0,4.63788098693759,0.2665743144057102,3.9172714078374455
101328,-117.71,33.83,44,4429,1077.4093608849576,4175,1353,4.7934,<1H OCEAN,survey_2023,249149.0,3.2734663710273466,0.2432624431891979,3.0857354028085737
101055,-120.79,41.7,9,4293,912.6997156024524,2542,698,3.8365,<1H OCEAN,survey_2023,224569.0,6.150429799426934,0.21260184383937863,3.641833810888252
101747,-121.7,36.41,6,1797,282.14037606685764,504,241,6.8307,<1H OCEAN,survey_2023,355108.0,7.45643153526971,0.15700633058812333,2.091286307053942
100796,-114.98,33.19,45,4944,792.2065226287256,3906,1178,13.385,NEAR OCEAN,legacy_import,500001.0,4.196943972835314,0.1602359471336419,3.3157894736842106
101675,-121.25,35.17,51,2721,812.4826129782826,1476,512,0.7305,<1H OCEAN,survey_2023,46938.0,5.314453125,0.2985970646741208,2.8828125
101725,-123.68,41.32,24,4475,862.0447836548384,1925,738,2.4774,<1H OCEAN,survey_2023,169096.0,6.063685636856369,0.1926357058446566,2.6084010840108403
100174,-117.85,34.66,51,2945,960.2453555595206,1232,350,2.8574,<1H OCEAN,survey_2023,161408.0,8.414285714285715,0.3260595434837082,3.52
100766,-116.68,37.53,46,4942,748.8624912115478,1775,792,1.0563,NEAR BAY,legacy_import,79156.0,6.23989898989899,0.15153024913224358,2.2411616161616164
100245,-115.02,37.45,47,2191,586.9025462247033,1910,686,3.6865,NEAR OCEAN,survey_2023,178988.0,3.193877551020408,0.2678697153010969,2.7842565597667637
101080,-116.44,39.5,37,596,180.6082174712948,597,185,2.2989,<1H OCEAN,legacy_import,123233.0,3.2216216216216216,0.3030339219317027,3.227027027027027
101751,-122.15,41.14,33,10199,2142.6260299533083,4648,1166,2.8426,<1H OCEAN,legacy_import,143194.0,8.746998284734135,0.21008197175735938,3.986277873070326
100145,-123.93,40.31,37,106,1015.5418559096522,53,15,3.6579,INLAND,legacy_import,175080.0,7.066666666666666,9.580583546317474,3.533333333333333
100090,-123.1,39.87,21,673,232.0738888654606,580,161,0.6741,INLAND,survey_2023,21406.0,4.180124223602484,0.34483490173173936,3.6024844720496896
101416,-123.91,35.47,17,2455,619.9923194621605,2575,704,0.7752,<1H OCEAN,survey_2023,73264.0,3.487215909090909,0.252542696318599,3.6576704545454546
100682,-122.59,32.64,28,10068,3004.73788801155,4964,1310,1.4598,<1H OCEAN,survey_2023,109306.0,7.685496183206107,0.29844436710484207,3.7893129770992364
100310,-119.91,37.32,48,4400,1499.832703885863,1919,974,6.3597,NEAR OCEAN,survey_2023,331592.0,4.517453798767967,0.3408710690649689,1.9702258726899384
101383,-121.72,34.97,29,4437,1467.0570675902738,5633,1429,1.4969,<1H OCEAN,survey_2023,133503.0,3.1049685094471657,0.3306416649966811,3.9419174247725683
100093,-118.69,37.47,26,6676,1106.561597803513,2306,1175,2.0037,<1H OCEAN,survey_2023,119207.0,5.681702127659574,0.16575218660927396,1.9625531914893617
101581,-120.39,40.46,33,2107,446.6427985999249,873,330,0.5,<1H OCEAN,survey_2023,42719.0,6.384848484848485,0.21198044546745368,2.6454545454545455
100924,-120.05,36.02,42,13248,2080.12486210632,4174,1493,6.9254,<1H OCEAN,survey_2023,295351.0,8.873409243134628,0.15701425589570653,2.7957133288680507
101700,-114.64,38.31,9,7231,1982.3182369257624,2687,919,8.6903,<1H OCEAN,legacy_import,414313.0,7.868335146898803,0.2741416452670118,2.923830250272035
101035,-117.34,35.13,51,6215,1889.8972188837336,4411,1185,2.5082,<1H OCEAN,survey_2023,194526.0,5.244725738396625,0.30408643908024674,3.7223628691983124
101400,-122.63,33.14,43,7715,1855.2277509236203,3495,1265,3.0357000000000003,<1H OCEAN,legacy_import,291951.0,6.098814229249012,0.24047022046968508,2.7628458498023716
100243,-120.6,41.96,17,482,94.93860217603044,431,108,1.4804,NEAR OCEAN,survey_2023,115888.0,4.462962962962963,0.1969680543071171,3.990740740740741
101500,-119.11,35.22,13,10308,1857.528642887722,4315,1362,8.0461,<1H OCEAN,survey_2023,428026.0,7.568281938325991,0.18020262348542124,3.168135095447871
101111,-122.06,34.8,36,570,105.96238750566188,358,105,4.3635,<1H OCEAN,survey_2023,197588.0,5.428571428571429,0.18589892544852962,3.4095238095238094
100214,-117.18,39.4,20,188,31.06563454773548,39,21,4.0939,<1H OCEAN,survey_2023,192117.0,8.952380952380953,0.1652427369560398,1.8571428571428572
101999,-121.48,34.03,22,4803,929.9492985472511,1500,928,1.6439,<1H OCEAN,survey_2023,132008.0,5.175646551724138,0.19361842568129317,1.6163793103448276
101197,-114.61,40.83,33,8891,1611.342530071695,4163,1436,5.0373,<1H OCEAN,legacy_import,287084.0,6.1915041782729805,0.18123299179751376,2.899025069637883
100998,-114.8,35.26,7,4071,622.3162284292644,1983,860,0.6263,NEAR OCEAN,survey_2023,99338.0,4.7337209302325585,0.15286569109046041,2.305813953488372
100853,-115.32,41.22,1,3839,1006.1927167112866,2228,649,4.0089,NEAR OCEAN,survey_2023,254497.0,5.915254237288136,0.26209760789562037,3.4329738058551618
100425,-118.8,41.05,36,5088,928.5096571347308,2764,820,2.107,<1H OCEAN,legacy_import,135674.0,6.204878048780488,0.18249010556893294,3.370731707317073
101777,-119.92,37.88,40,11055,1706.318926126888,2824,1313,6.1503,INLAND,survey_2023,193529.0,8.41964965727342,0.15434816156733497,2.150799695354151
101142,-117.52,38.05,27,164,37.25822291886464,68,24,3.0952,<1H OCEAN,survey_2023,174016.0,6.833333333333333,0.22718428609063804,2.8333333333333335
101143,-118.64,37.61,2,5063,1469.210674667015,2973,1050,2.4292,INLAND,legacy_import,166946.0,4.8219047619047615,0.2901857939298864,2.8314285714285714
100226,-114.57,35.36,51,4638,872.6400739372483,2044,716,2.0189,<1H OCEAN,survey_2023,103675.0,6.477653631284916,0.18815008062467622,2.8547486033519553
101640,-118.9,34.76,15,8948,1015.5418559096522,3416,1373,0.5,NEAR OCEAN,legacy_import,68785.0,6.517115804806992,0.11349372551516006,2.4879825200291332
100000,-120.55,34.99,42,8113,2735.3027715097123,3337,934,2.5459,INLAND,survey_2023,130260.0,8.68629550321199,0.33715059429430694,3.5728051391862956
101418,-119.78,34.7,10,2557,637.8473511407009,2553,773,0.5302,<1H OCEAN,survey_2023,99425.0,3.3078913324708927,0.24945144745432182,3.3027166882276844
100401,-115.27,33.18,13,2899,643.9857170449174,2085,590,2.2027,<1H OCEAN,survey_2023,144137.0,4.9135593220338984,0.2221406405812064,3.5338983050847457
101428,-117.91,40.71,27,4762,1206.9530935060188,3560,985,5.4993,ISLAND,survey_2023,232378.0,4.834517766497462,0.25345508053465327,3.6142131979695433
101103,-115.02,36.62,14,6115,1926.336856555762,1980,768,7.3267,INLAND,legacy_import,335506.0,7.962239583333333,0.3150182921595686,2.578125
100084,-121.19,37.62,39,1179,184.2237908728057,982,354,3.8346,INLAND,survey_2023,161072.0,3.330508474576271,0.1562542755494535,2.774011299435028
100162,-117.96,35.85,9,4449,978.6670761049968,1977,913,10.0876,INLAND,survey_2023,427190.0,4.872946330777656,0.21997461814003075,2.1653888280394304
100114,-117.97,38.72,26,262,1015.5418559096522,56,34,2.8243,NEAR OCEAN,legacy_import,217420.0,7.705882352941177,3.8761139538536344,1.6470588235294117
100670,-122.57,38.63,43,964,152.6711470149895,1041,286,2.22,<1H OCEAN,survey_2023,133219.0,3.370629370629371,0.15837255914417997,3.63986013986014
101174,-117.96,33.17,16,5736,1819.9134995562,1659,1001,3.6039,<1H OCEAN,survey_2023,172366.0,5.73026973026973,0.31727920145679916,1.6573426573426573
101543,-121.73,35.76,49,5764,1538.5961669364065,3592,1394,0.5,INLAND,survey_2023,15000.0,4.134863701578192,0.2669320206343523,2.576757532281205
101779,-115.89,41.03,21,3393,877.3907165743367,2329,965,4.5201,INLAND,survey_2023,235278.0,3.516062176165803,0.25858848115954514,2.4134715025906734
101392,-122.6,40.94,41,6168,2025.0161409557168,3806,1287,4.2616,NEAR OCEAN,legacy_import,236296.0,4.792540792540793,0.328310009882574,2.9572649572649574
100889,-121.87,40.44,43,1616,558.5007219889468,1872,481,1.924,INLAND,survey_2023,101464.0,3.35966735966736,0.3456068824189027,3.891891891891892
101501,-119.51,40.13,15,3124,922.2552567725322,1453,522,6.439,NEAR BAY,survey_2023,309257.0,5.984674329501916,0.2952161513356377,2.7835249042145596
100625,-120.61,41.66,47,5536,1149.203353367975,2121,792,0.5828,NEAR BAY,survey_2023,57781.0,6.98989898989899,0.20758731094074695,2.678030303030303
101976,-121.71,36.06,42,1896,319.64567927924537,425,211,0.9564,<1H OCEAN,survey_2023,65985.0,8.985781990521327,0.16858949329074122,2.014218009478673
100952,-122.55,39.29,39,3630,1015.5418559096522,3701,1123,4.6735,<1H OCEAN,survey_2023,232764.0,3.232413178984862,0.27976359666932565,3.2956366874443455
100807,-115.04,34.04,48,11513,3014.907449149848,2170,1374,3.792,INLAND,survey_2023,117739.0,8.379184861717613,0.2618698383696559,1.579330422125182
100258,-118.6,35.51,31,670,171.25654029571282,437,179,0.5,<1H OCEAN,survey_2023,39723.0,3.7430167597765363,0.2556067765607654,2.441340782122905
100624,-118.12,36.08,20,1637,370.4894655841083,410,271,4.7643,NEAR OCEAN,survey_2023,255121.0,6.040590405904059,0.22632221477343206,1.5129151291512914
100826,-120.84,39.42,17,5931,2061.62514042625,1611,804,1.2932,<1H OCEAN,survey_2023,95722.0,7.376865671641791,0.34760160856959194,2.003731343283582
100234,-122.35,38.84,17,4146,1015.5418559096522,2332,595,2.6586,<1H OCEAN,survey_2023,164365.0,6.968067226890756,0.2449449724818264,3.919327731092437
100135,-121.07,40.96,25,5007,895.6761089914902,3149,792,2.1401,INLAND,survey_2023,106995.0,6.321969696969697,0.1788847831019553,3.976010101010101
100616,-123.69,35.92,47,2774,876.7418996099038,712,450,2.0405,<1H OCEAN,legacy_import,114647.0,6.164444444444444,0.31605692127249596,1.5822222222222222
101942,-116.45,33.3,15,3308,1082.390182337639,2237,936,0.7929,INLAND,survey_2023,94243.0,3.534188034188034,0.327203803608718,2.389957264957265
101977,-120.0,37.72,16,8752,1340.946583244898,2551,988,4.8684,NEAR BAY,legacy_import,249732.0,8.8582995951417,0.1532160172811812,2.581983805668016
100836,-115.15,41.94,6,3468,747.1980740946938,3093,923,1.9007,NEAR BAY,legacy_import,150829.0,3.7573131094257857,0.21545503866629,3.351029252437703
100842,-122.52,41.23,3,472,126.89753674367232,206,87,2.74,INLAND,survey_2023,98801.0,5.425287356321839,0.26885071343998374,2.367816091954023
100959,-116.92,40.17,5,8423,1471.3417153231017,1993,1318,2.0576,<1H OCEAN,survey_2023,169582.0,6.390743550834598,0.1746814336130953,1.5121396054628224
100592,-122.48,37.75,9,2968,775.4621202899963,1335,348,3.3417,INLAND,legacy_import,187325.0,8.528735632183908,0.2612742992890823,3.836206896551724
101314,-119.78,34.57,21,3429,1168.0460860534424,1130,413,2.963,INLAND,survey_2023,189887.0,8.302663438256658,0.3406375287411614,2.736077481840194
101525,-121.73,33.9,33,6470,1201.7782201542238,1828,1219,1.9413,<1H OCEAN,legacy_import,97475.0,5.307629204265791,0.1857462473190454,1.4995898277276456
101291,-122.97,40.83,38,4467,959.9166868736708,1711,1105,1.5151,<1H OCEAN,survey_2023,132960.0,4.042533936651584,0.21489068432363348,1.5484162895927602
100343,-119.96,35.87,8,6086,1891.4790361058992,1728,948,2.0365,<1H OCEAN,survey_2023,135283.0,6.419831223628692,0.31079182321818916,1.8227848101265822
101663,-119.33,32.83,10,7062,2181.7054224522485,3366,1081,5.489,NEAR BAY,survey_2023,288029.0,6.532839962997225,0.30893591368624307,3.1137835337650324
101589,-117.12,34.37,28,3728,664.5644441690954,1436,762,5.9334,INLAND,survey_2023,228986.0,4.892388451443569,0.17826299468055135,1.8845144356955381
100293,-120.7,37.41,29,1610,368.477735376372,1439,439,2.9534,INLAND,legacy_import,100564.0,3.6674259681093395,0.2288681586188646,3.277904328018223
100364,-114.89,37.98,26,4174,1399.783276143923,860,514,0.9811,NEAR BAY,survey_2023,106320.0,8.120622568093385,0.33535775662288525,1.6731517509727627
100178,-114.93,39.09,2,5147,1148.1871380586083,3590,966,5.9176,NEAR OCEAN,survey_2023,251614.0,5.328157349896481,0.2230789077246179,3.7163561076604554
100659,-118.59,38.74,50,966,230.74093648817328,312,193,0.7237,<1H OCEAN,survey_2023,72005.0,5.005181347150259,0.23886225309334708,1.616580310880829
100996,-115.13,33.99,38,7002,1556.50976552605,1218,802,2.0983,<1H OCEAN,survey_2023,137853.0,8.730673316708229,0.2222950250679877,1.5187032418952617
100014,-122.48,37.56,18,9927,3383.592202647106,3837,1126,1.9045,NEAR OCEAN,legacy_import,121734.0,8.816163410301954,0.34084740633092636,3.407637655417407
101110,-116.14,38.56,50,9740,2227.967351924716,3248,1273,3.2811,INLAND,survey_2023,147895.0,7.65121759622938,0.228744081306439,2.5514532600157107
101394,-120.93,41.06,23,1609,424.656967554085,705,436,4.1209,INLAND,survey_2023,152501.0,3.6903669724770642,0.26392602085399935,1.6169724770642202
100165,-115.95,41.8,9,3145,751.9072779283432,1765,675,3.1517,NEAR OCEAN,survey_2023,218127.0,4.659259259259259,0.2390802155575018,2.6148148148148147
101895,-116.97,40.33,13,450,101.5807194635926,222,86,6.1044,INLAND,legacy_import,256290.0,5.232558139534884,0.2257349321413169,2.5813953488372094
101359,-118.38,38.77,45,6336,1674.9976251668568,2549,715,2.4322,<1H OCEAN,survey_2023,201066.0,8.861538461538462,0.2643619989215367,3.565034965034965
100059,-121.05,37.68,42,1743,271.7663302009936,1466,464,1.2292,INLAND,survey_2023,58450.0,3.7564655172413794,0.15591872071198715,3.1594827586206895
100709,-117.48,35.29,25,7792,1581.3544465647776,2877,1126,1.5052,<1H OCEAN,survey_2023,121958.0,6.9200710479573715,0.20294589919979178,2.5550621669626996
100676,-123.18,35.99,18,5043,892.4560412363847,2698,1038,3.379,<1H OCEAN,legacy_import,254046.0,4.858381502890174,0.17696927250374475,2.5992292870905587
101378,-120.71,33.34,16,264,81.25234179839464,114,59,1.7242,INLAND,legacy_import,58281.0,4.47457627118644,0.30777402196361603,1.9322033898305084
100780,-117.36,32.97,23,2365,537.9248372052183,2021,598,0.5014,INLAND,survey_2023,51120.0,3.9548494983277593,0.22745236245463776,3.379598662207358
100424,-123.72,35.25,33,666,178.54749887649518,401,201,2.6044,<1H OCEAN,survey_2023,166500.0,3.3134328358208953,0.2680893376523952,1.9950248756218905
100292,-116.07,34.47,11,3841,705.6546950868712,2201,755,4.225,<1H OCEAN,legacy_import,233267.0,5.087417218543046,0.18371640069952389,2.91523178807947
101065,-116.92,35.04,7,3680,763.6528071844593,1071,705,3.5501,<1H OCEAN,legacy_import,188372.0,5.219858156028369,0.20751434977838568,1.5191489361702128
101806,-117.69,36.6,13,2361,790.6652567687587,2236,568,2.5428,<1H OCEAN,survey_2023,171073.0,4.15669014084507,0.3348857504314946,3.936619718309859
100329,-121.82,32.99,45,4731,1140.8879384475094,1311,561,0.6301,<1H OCEAN,survey_2023,49384.0,8.433155080213904,0.24115154057229116,2.336898395721925
100429,-123.13,40.94,30,3607,656.7434177268863,4071,1201,0.5,INLAND,survey_2023,15000.0,3.003330557868443,0.1820746930210386,3.389675270607827
101012,-114.86,35.41,19,3205,1009.7770066824498,2959,1012,12.1775,<1H OCEAN,survey_2023,500001.0,3.16699604743083,0.3150630286060686,2.9239130434782608
100079,-123.14,39.83,17,3388,519.2765003640442,835,441,8.4422,<1H OCEAN,survey_2023,382899.0,7.682539682539683,0.15326933304723855,1.8934240362811792
101052,-114.91,35.05,32,8506,2631.0605009996725,1856,1203,2.3617,<1H OCEAN,survey_2023,157172.0,7.070656691604323,0.30931818727952887,1.542809642560266
100937,-115.16,38.05,37,31,10.235299945858191,32,9,3.6123,INLAND,legacy_import,174211.0,3.4444444444444446,0.3301709659954255,3.5555555555555554
100834,-119.32,36.28,11,7319,2369.851455220686,3980,1160,5.7344,<1H OCEAN,legacy_import,314958.0,6.30948275862069,0.3237944330128004,3.4310344827586206
100749,-118.06,38.54,49,130,21.60819287292345,56,15,1.0951,<1H OCEAN,survey_2023,124214.0,8.666666666666666,0.1662168682532573,3.7333333333333334
100890,-117.08,35.66,39,3844,698.0254141321102,1499,435,3.5192,<1H OCEAN,survey_2023,162478.0,8.836781609195402,0.18158829712073626,3.4459770114942527
100254,-122.61,40.85,14,1278,282.7893263645535,1175,307,1.2538,INLAND,survey_2023,89846.0,4.162866449511401,0.22127490325864907,3.8273615635179152
101749,-122.93,40.9,39,4099,1043.8169478778634,3204,903,13.1748,<1H OCEAN,survey_2023,500001.0,4.539313399778516,0.25465160963109623,3.548172757475083
101974,-121.31,35.08,15,840,269.41395254748426,247,133,1.4142,NEAR OCEAN,survey_2023,123968.0,6.315789473684211,0.3207308958898622,1.8571428571428572
101407,-116.24,41.98,6,2095,533.2638153291107,1478,386,6.483,INLAND,legacy_import,311197.0,5.427461139896373,0.2545412006344204,3.8290155440414506
101337,-117.5,39.71,14,9308,2527.9039808382204,3668,1340,1.188,<1H OCEAN,survey_2023,101244.0,6.946268656716418,0.27158401169297597,2.737313432835821
101108,-117.34,38.1,27,1109,250.1500953567999,456,244,10.6088,<1H OCEAN,survey_2023,485238.0,4.545081967213115,0.225563656768981,1.8688524590163935
100136,-119.11,33.25,32,12476,3251.237073125397,3778,1446,3.6676,<1H OCEAN,legacy_import,196783.0,8.627939142461964,0.2605993165377843,2.6127247579529738
101135,-123.54,38.36,7,2340,573.3884109316032,2555,764,2.2367,INLAND,legacy_import,106812.0,3.06282722513089,0.24503778244940308,3.344240837696335
101218,-117.75,39.33,49,616,196.29488958513167,445,178,2.8567,NEAR BAY,survey_2023,179520.0,3.460674157303371,0.31866053504079817,2.5
100852,-122.2,34.32,35,4840,1015.5418559096522,3904,1005,7.9705,<1H OCEAN,survey_2023,338065.0,4.8159203980099505,0.20982269750199425,3.8845771144278607
101202,-124.08,34.34,18,323,58.12227144384389,141,36,3.679,INLAND,survey_2023,172263.0,8.972222222222221,0.17994511282923806,3.9166666666666665
101901,-124.25,36.1,16,12726,2368.474080441782,4489,1445,2.3579,<1H OCEAN,legacy_import,139675.0,8.806920415224914,0.18611300333504494,3.1065743944636677
100723,-116.89,36.85,47,2372,523.2266204833674,828,441,3.1712,<1H OCEAN,survey_2023,180686.0,5.378684807256236,0.2205845786186203,1.8775510204081634
100859,-123.64,34.16,34,4083,1371.1293090597408,4028,1191,1.5561,<1H OCEAN,survey_2023,138501.0,3.4282115869017633,0.3358141829683421,3.382031905961377
100969,-119.54,37.21,25,3148,1015.5418559096522,1175,441,2.1771,<1H OCEAN,survey_2023,149046.0,7.138321995464852,0.3225990647743495,2.6643990929705215
100496,-118.46,37.98,47,1089,373.0340993023225,656,222,2.7528,<1H OCEAN,survey_2023,155494.0,4.905405405405405,0.3425473822794513,2.954954954954955
100950,-118.29,40.36,39,5718,1121.8292917181943,3936,1054,3.3877,<1H OCEAN,legacy_import,208594.0,5.425047438330171,0.19619260086012494,3.7343453510436433
100805,-116.94,41.78,7,7132,2446.9029885648306,2270,1252,4.3013,<1H OCEAN,survey_2023,258161.0,5.696485623003195,0.3430879120253548,1.8130990415335464
100129,-119.19,36.56,16,2453,719.6005287416713,889,297,3.75,NEAR OCEAN,survey_2023,228314.0,8.25925925925926,0.2933552909668452,2.993265993265993
100337,-117.26,36.01,45,1478,347.45272142621064,1382,407,3.2741,NEAR OCEAN,survey_2023,209833.0,3.6314496314496316,0.23508303208809922,3.3955773955773956
100608,-119.27,39.22,19,1860,641.2685785707798,931,310,2.3388,NEAR OCEAN,legacy_import,157829.0,6.0,0.34476805299504293,3.003225806451613
101148,-115.79,39.98,30,2920,747.0081467881373,1026,522,5.8574,INLAND,survey_2023,256547.0,5.593869731800766,0.2558247078041566,1.9655172413793103
100195,-120.81,36.75,18,7054,1866.2993583964355,3319,1183,1.5504,<1H OCEAN,survey_2023,126606.0,5.962806424344886,0.2645732007933705,2.8055790363482673
101250,-116.33,37.56,29,2826,747.3947701980132,1905,896,3.9595,<1H OCEAN,survey_2023,215723.0,3.154017857142857,0.26447090240552484,2.1261160714285716
101292,-118.62,36.2,14,4505,1147.6496302035955,2350,705,7.457,<1H OCEAN,survey_2023,337080.0,6.390070921985815,0.25475019538370597,3.3333333333333335
101994,-116.79,37.18,39,9139,1547.5338614254135,5596,1407,6.342,<1H OCEAN,legacy_import,299137.0,6.495380241648898,0.1693329534331342,3.9772565742715
100909,-120.5,35.39,17,4619,904.6969627015666,2253,1499,1.2753,NEAR BAY,legacy_import,150696.0,3.0813875917278186,0.19586424825753768,1.503002001334223
100584,-117.97,38.07,31,5924,1436.668559542265,1725,667,8.1283,INLAND,survey_2023,331772.0,8.881559220389805,0.24251663732988943,2.586206896551724
100103,-119.21,39.11,1,3270,803.1819427624779,1338,557,1.9413,INLAND,survey_2023,109427.0,5.870736086175943,0.24562138922399934,2.4021543985637344
101864,-114.45,33.51,41,3945,767.5445986538249,3473,1075,0.8382,NEAR OCEAN,survey_2023,102822.0,3.6697674418604653,0.194561368480057,3.2306976744186047
101883,-116.69,34.59,26,3373,1117.3375527265707,2453,915,5.5805,NEAR BAY,survey_2023,297296.0,3.6863387978142077,0.33125928038143215,2.6808743169398905
100719,-116.99,32.72,12,7880,1690.7838457518749,1861,1185,1.4288,INLAND,legacy_import,101984.0,6.649789029535865,0.21456647788729377,1.570464135021097
100884,-116.3,33.16,21,5009,1099.3089665093792,2070,787,3.1861,<1H OCEAN,survey_2023,197598.0,6.364675984752224,0.21946675314621264,2.6302414231257942
100776,-122.01,32.92,1,4581,1015.5418559096522,1898,930,4.8752,INLAND,legacy_import,212134.0,4.925806451612903,0.2216856266993347,2.0408602150537636
101569,-119.78,40.69,52,4993,870.3987197823343,1581,845,5.338,<1H OCEAN,survey_2023,284585.0,5.90887573964497,0.17432379727264857,1.8710059171597633
100849,-118.35,35.91,52,3893,1244.8167944137062,2979,822,2.4664,INLAND,survey_2023,53039.0,4.736009732360097,0.31975771754783106,3.624087591240876
100894,-117.62,33.94,30,4054,759.1598378709866,3442,904,5.5004,NEAR BAY,survey_2023,299604.0,4.484513274336283,0.18726192350049004,3.8075221238938055
100227,-120.37,38.18,14,803,121.60221479908289,815,219,12.107,ISLAND,survey_2023,500001.0,3.6666666666666665,0.15143488767009078,3.721461187214612
101897,-122.42,40.41,16,2649,591.5308144432379,782,446,4.1138,NEAR OCEAN,survey_2023,236326.0,5.939461883408072,0.2233034407109241,1.7533632286995515
101325,-120.93,39.64,17,10139,1015.5418559096522,5342,1482,0.5948,INLAND,survey_2023,43585.0,6.841430499325236,0.10016193469865393,3.604588394062078
101299,-117.24,40.14,19,5079,1171.1113616852956,2377,805,3.9291,<1H OCEAN,survey_2023,187219.0,6.309316770186335,0.23057912220620114,2.9527950310559006
100126,-116.12,38.53,49,4318,1152.4460622352126,2397,724,2.3932,<1H OCEAN,survey_2023,127533.0,5.964088397790055,0.266893483611675,3.3107734806629834
100405,-115.34,38.25,11,3539,1038.5608942496572,4329,1144,1.2276,NEAR OCEAN,survey_2023,146601.0,3.0935314685314683,0.2934616824667017,3.784090909090909
100775,-122.8,36.61,41,5242,1235.8135646763533,4927,1265,6.0876,<1H OCEAN,legacy_import,263053.0,4.143873517786561,0.23575230154070073,3.8948616600790515
100821,-124.25,34.67,49,8395,2775.971040764612,3934,1238,3.3139,INLAND,survey_2023,139661.0,6.781098546042003,0.3306695700732117,3.1777059773828755
100711,-118.34,37.42,18,5646,1015.5418559096522,2071,794,6.8583,<1H OCEAN,survey_2023,332079.0,7.110831234256927,0.17986926247071416,2.6083123425692696
101905,-122.28,37.1,44,6087,2087.83863622663,2461,1222,3.5541,<1H OCEAN,legacy_import,200061.0,4.981178396072013,0.34299961166857734,2.013911620294599
101060,-115.56,35.32,4,2083,518.9437816648965,758,286,1.5402,INLAND,survey_2023,86772.0,7.283216783216783,0.2491328764593838,2.6503496503496504
101163,-116.86,37.27,21,4199,1427.4031731359546,3593,1105,1.0818,INLAND,legacy_import,73083.0,3.8,0.33993883618384246,3.25158371040724
100303,-117.93,35.29,17,2660,561.3501750881159,958,409,3.7334,INLAND,survey_2023,135180.0,6.503667481662592,0.2110339004090661,2.3422982885085575
100267,-117.28,39.18,13,9614,1015.5418559096522,3227,1334,4.6045,NEAR OCEAN,survey_2023,240053.0,7.206896551724138,0.10563156395981405,2.41904047976012
101557,-120.19,37.13,41,814,227.5219178019772,610,153,1.6227,<1H OCEAN,legacy_import,82037.0,5.3202614379084965,0.2795109555306845,3.9869281045751634
100545,-120.72,37.13,39,3338,619.6213217549968,3285,1037,1.3652,<1H OCEAN,survey_2023,61094.0,3.218900675024108,0.18562651939933994,3.167791706846673
100212,-117.78,32.67,45,234,72.11360254110257,95,38,1.6238,<1H OCEAN,survey_2023,109714.0,6.157894736842105,0.3081777886371905,2.5
100896,-121.37,37.62,18,1554,452.4277205174005,715,204,3.877,<1H OCEAN,survey_2023,205805.0,7.617647058823529,0.2911375292904765,3.5049019607843137
101492,-122.03,40.87,31,6278,1015.5418559096522,1700,957,1.1209,<1H OCEAN,survey_2023,95887.0,6.560083594566353,0.16176200317133677,1.7763845350052248
101222,-119.98,33.29,49,10193,3417.6743719102656,4291,1230,9.5862,INLAND,survey_2023,378688.0,8.2869918699187,0.33529622014228055,3.488617886178862
100916,-121.36,39.55,20,1001,315.0607220028608,406,113,3.0849,INLAND,legacy_import,118935.0,8.858407079646017,0.31474597602683396,3.5929203539823007
101551,-118.28,33.8,28,6369,1658.2458018155178,3376,1259,4.7478,<1H OCEAN,legacy_import,208624.0,5.058776806989674,0.2603620351413908,2.681493248610008
100675,-114.48,35.23,25,358,63.96016135982568,160,50,6.988,INLAND,survey_2023,327636.0,7.16,0.17865966860286503,3.2
101289,-123.51,34.43,18,1358,434.0967226388693,435,192,6.2068,INLAND,legacy_import,284139.0,7.072916666666667,0.31965885319504367,2.265625
100814,-115.6,37.87,31,556,92.8431416993814,173,68,3.3819,<1H OCEAN,legacy_import,196691.0,8.176470588235293,0.1669840678046428,2.5441176470588234
101265,-123.58,33.16,8,7305,1496.8993276992724,5206,1392,2.2679,INLAND,survey_2023,96283.0,5.247844827586207,0.2049143501299483,3.7399425287356323
100342,-122.57,33.26,52,3384,820.5089233562207,1884,495,2.0015,NEAR OCEAN,survey_2023,162450.0,6.836363636363636,0.24246717593268935,3.806060606060606
100549,-116.58,33.13,29,1178,402.979028807924,465,245,5.0828,<1H OCEAN,survey_2023,292115.0,4.808163265306122,0.3420874607877114,1.8979591836734695
101410,-122.24,36.41,7,10322,3183.0452327950507,2302,1213,0.5,<1H OCEAN,survey_2023,84191.0,8.509480626545754,0.3083748530125025,1.8977741137675186
101214,-117.36,34.68,23,1421,236.66433420619356,864,431,6.9121,INLAND,survey_2023,314315.0,3.296983758700696,0.1665477369501714,2.0046403712296983
100966,-117.11,39.41,17,7179,1698.045746601032,2445,1045,4.9516,<1H OCEAN,legacy_import,249743.0,6.869856459330143,0.23652956492562086,2.339712918660287
101230,-115.36,37.43,23,2244,1015.5418559096522,2224,618,4.5105,<1H OCEAN,survey_2023,262597.0,3.6310679611650487,0.45255875931802686,3.598705501618123
100295,-119.08,32.57,16,5453,1841.8008191764663,1968,740,1.2944,<1H OCEAN,survey_2023,110027.0,7.368918918918919,0.3377591819505715,2.6594594594594594
100695,-118.19,37.43,34,999,206.0383422974192,484,270,6.4218,INLAND,survey_2023,270734.0,3.7,0.2062445868843035,1.7925925925925925
101452,-115.61,38.94,45,4390,830.1914937566577,1255,499,1.0823,NEAR OCEAN,legacy_import,97312.0,8.797595190380761,0.18910967967122042,2.5150300601202407
100073,-116.15,40.84,2,2618,727.2163932647586,797,370,5.6971,<1H OCEAN,survey_2023,290435.0,7.075675675675676,0.2777755512852401,2.154054054054054
100605,-119.69,37.36,29,8373,2590.7115042104533,2825,1047,2.9875,ISLAND,survey_2023,176349.0,7.997134670487106,0.30941257664044586,2.6981852913085005
100104,-115.22,40.04,47,3207,913.1872043198168,910,590,6.5066,INLAND,legacy_import,305580.0,5.435593220338983,0.2847481148487112,1.5423728813559323
100645,-115.39,35.92,41,9365,2576.869353610565,2225,1279,1.4085,NEAR OCEAN,legacy_import,130760.0,7.322126661454261,0.2751595679242462,1.7396403440187647
101404,-117.66,39.61,14,5280,1674.211927098883,2184,592,6.2823,INLAND,survey_2023,269926.0,8.91891891891892,0.31708559225357635,3.689189189189189
101981,-116.27,40.15,34,339,1015.5418559096522,126,38,2.8262,INLAND,survey_2023,91578.0,8.921052631578947,2.995698689998974,3.3157894736842106
101040,-118.91,34.2,38,6550,1851.0607042049664,2353,913,2.6991,<1H OCEAN,legacy_import,99406.0,7.174151150054764,0.2826046876648804,2.5772179627601313
100439,-123.49,33.96,15,5930,1034.0011860664238,1354,755,5.0086,NEAR BAY,survey_2023,258651.0,7.854304635761589,0.17436782227089778,1.7933774834437086
101019,-123.96,39.95,10,2953,752.0535902963554,1677,474,2.8115,INLAND,survey_2023,149274.0,6.229957805907173,0.25467442949419417,3.537974683544304
100091,-117.17,41.66,4,4515,1244.565704210434,2605,871,2.7974,INLAND,legacy_import,150433.0,5.1836969001148105,0.2756513187620009,2.9908151549942597
101112,-122.06,39.28,8,6041,910.313630911214,2696,694,1.2441,<1H OCEAN,survey_2023,119046.0,8.704610951008645,0.15068922875537394,3.884726224783862
101772,-115.38,35.77,40,11846,3071.3562289391243,4459,1394,6.0445,INLAND,survey_2023,260503.0,8.497847919655667,0.25927369820522744,3.1987087517934003
100908,-121.71,35.39,4,11079,1015.5418559096522,3121,1278,4.9188,NEAR BAY,survey_2023,240139.0,8.669014084507042,0.0916636750527712,2.4420970266040687
101474,-121.03,40.46,18,2899,957.0337054061214,956,330,4.2062,INLAND,legacy_import,147729.0,8.784848484848485,0.33012545891897943,2.896969696969697
100102,-121.16,34.0,32,1050,269.45945535823563,382,240,1.7807,<1H OCEAN,legacy_import,132913.0,4.375,0.2566280527221292,1.5916666666666666
100238,-117.85,33.25,7,7108,1341.6617188173666,5125,1310,1.9691,NEAR OCEAN,survey_2023,110568.0,5.425954198473282,0.18875375897824515,3.9122137404580153
101719,-121.91,34.98,21,1776,442.1257865261485,674,219,15.0,NEAR BAY,survey_2023,500001.0,8.10958904109589,0.2489446996205791,3.077625570776256
100942,-117.79,35.32,12,3440,917.6132749886648,3115,794,10.9802,<1H OCEAN,survey_2023,475736.0,4.332493702770781,0.2667480450548444,3.9231738035264483
101270,-117.35,34.91,47,5689,1924.7036619322744,2269,982,1.8047,INLAND,survey_2023,66230.0,5.793279022403259,0.33832020775747484,2.3105906313645623
100938,-123.12,41.55,42,1621,494.3613197238591,892,236,0.5,INLAND,survey_2023,15395.0,6.86864406779661,0.3049730535002215,3.7796610169491527
101709,-117.8,41.65,8,10587,2062.751385722543,3780,1295,0.5,<1H OCEAN,survey_2023,62413.0,8.175289575289575,0.19483813976787975,2.918918918918919
101181,-120.88,35.25,42,1829,354.8296499750693,772,342,3.5681,NEAR OCEAN,survey_2023,177295.0,5.347953216374269,0.19400199561239437,2.257309941520468
101503,-120.89,32.79,15,7588,2274.277878536357,3571,1074,2.4595,INLAND,survey_2023,137025.0,7.065176908752328,0.2997203319104319,3.324953445065177
101669,-116.13,36.77,41,3080,1065.0820854058857,1046,684,2.3753,INLAND,survey_2023,91979.0,4.502923976608187,0.3458058718850278,1.5292397660818713
100005,-122.74,39.71,29,5357,1701.6557275360535,3060,1305,3.1107,INLAND,survey_2023,147137.0,4.1049808429118775,0.31765087316334767,2.3448275862068964
101832,-118.48,40.32,26,7489,1190.0303356442944,2467,1129,3.6947,<1H OCEAN,survey_2023,190221.0,6.633303808680248,0.15890377028232,2.1851195748449954
100965,-120.74,39.16,44,13044,2424.982001138297,2570,1468,8.9164,<1H OCEAN,survey_2023,378248.0,8.885558583106267,0.18590785043991853,1.7506811989100817
100018,-119.98,32.71,45,5087,1396.585383127393,1533,592,3.268,<1H OCEAN,survey_2023,125166.0,8.592905405405405,0.27454007924658796,2.589527027027027
101430,-119.75,38.02,17,3357,993.2325917490092,1608,476,9.43,<1H OCEAN,legacy_import,455605.0,7.052521008403361,0.29586910686595447,3.3781512605042017
100121,-115.34,37.3,3,9256,1791.5746992229165,3931,1071,1.864,<1H OCEAN,survey_2023,137307.0,8.642390289449112,0.19355820000247584,3.6704014939309055
100661,-114.43,40.86,25,12055,3301.04481946178,2952,1401,6.9412,NEAR BAY,survey_2023,385986.0,8.604568165596003,0.2738320049325409,2.107066381156317
100274,-119.19,41.53,25,2722,1015.5418559096522,1293,719,3.6428,<1H OCEAN,survey_2023,199240.0,3.7858136300417247,0.3730866480197106,1.7983310152990264
100433,-123.29,35.24,16,4746,1456.418257012755,1612,834,2.4302,<1H OCEAN,survey_2023,153596.0,5.690647482014389,0.30687278908823323,1.9328537170263789
100811,-115.91,38.59,27,4765,1297.2706523105414,3299,1067,3.6723,NEAR OCEAN,survey_2023,228589.0,4.465791940018744,0.2722498745667453,3.091846298031865
101300,-123.98,36.62,44,2951,444.1571277958112,2766,799,2.5178,NEAR BAY,survey_2023,162975.0,3.693366708385482,0.15051071765361274,3.4618272841051314
101335,-117.8,39.62,4,2625,736.7822343802402,548,318,6.7772,INLAND,legacy_import,283127.0,8.254716981132075,0.2806789464305677,1.7232704402515724
101884,-122.7,40.92,37,5352,1015.5418559096522,3384,1439,2.6552,INLAND,survey_2023,109240.0,3.7192494788047257,0.18974997307728927,2.3516330785267545
101907,-120.62,35.43,26,4430,799.7893740556528,2657,757,0.6673,<1H OCEAN,survey_2023,87392.0,5.852047556142669,0.18053936208931215,3.509907529722589
101570,-118.43,35.48,4,10570,3220.2975143313065,4412,1267,3.0357000000000003,<1H OCEAN,legacy_import,105144.0,8.342541436464089,0.30466390864061554,3.4822415153906867
100181,-123.17,34.52,2,7005,2309.8855036654554,3451,920,3.4796,NEAR BAY,legacy_import,237777.0,7.614130434782608,0.32974810901719565,3.751086956521739
100184,-121.72,38.71,12,5146,1369.2777865118398,2727,1213,3.5068,NEAR OCEAN,survey_2023,198093.0,4.24237427864798,0.26608585046868244,2.2481450948062656
100406,-120.41,35.96,32,5563,1332.1921686137568,2661,1305,2.9947,<1H OCEAN,survey_2023,163234.0,4.262835249042146,0.23947369559837442,2.039080459770115
100865,-118.7,38.01,23,4533,1501.4271500347747,1402,744,3.0357000000000003,<1H OCEAN,legacy_import,149035.0,6.092741935483871,0.33122151997237476,1.8844086021505377
101630,-116.74,39.63,19,3939,1277.6820670878494,2847,843,4.5496,<1H OCEAN,legacy_import,223051.0,4.672597864768683,0.3243671152799821,3.377224199288256
100520,-118.36,39.08,7,4195,1101.0042323012042,1109,584,1.8829,INLAND,survey_2023,86180.0,7.183219178082192,0.2624563128250785,1.898972602739726
101003,-116.98,38.44,16,5310,1469.0934145717183,4462,1448,3.5128,ISLAND,survey_2023,254441.0,3.6671270718232045,0.2766654264730166,3.0814917127071824
100380,-123.12,40.31,35,3312,606.4692723925385,2469,722,0.756,<1H OCEAN,legacy_import,15000.0,4.587257617728532,0.1831127030170708,3.419667590027701
101434,-122.9,39.22,36,7633,1337.3819128267442,5658,1426,1.7631,<1H OCEAN,survey_2023,77103.0,5.35273492286115,0.17521052179048135,3.967741935483871
101658,-120.33,38.34,42,6111,1003.6707603555316,4910,1365,5.4596,INLAND,legacy_import,248448.0,4.476923076923077,0.16424001969489962,3.597069597069597
101393,-119.1,35.59,41,12377,4185.96844041056,2380,1422,1.9328,<1H OCEAN,survey_2023,90348.0,8.703938115330521,0.3382054165315149,1.6736990154711673
101424,-114.43,40.45,16,9239,3204.936958144108,3386,1302,5.9085,NEAR BAY,legacy_import,342212.0,7.096006144393241,0.346892191594773,2.600614439324117
101612,-118.97,36.06,16,1964,322.159608543677,1607,627,1.2236,INLAND,survey_2023,99361.0,3.1323763955342905,0.16403238724219807,2.5629984051036683
100427,-115.42,41.58,14,2637,640.3667712651682,1978,560,1.0814,NEAR BAY,survey_2023,156771.0,4.708928571428571,0.24283912448432618,3.532142857142857
100078,-120.72,41.86,24,11024,3341.4434797961458,3394,1277,3.2022,INLAND,survey_2023,150151.0,8.632732967893501,0.30310626630951976,2.657791699295223
101597,-123.51,37.75,15,8117,1901.5810962462176,3169,1350,1.9784,NEAR OCEAN,legacy_import,143939.0,6.0125925925925925,0.2342714175491213,2.3474074074074074
101009,-119.41,32.99,28,3436,903.3821649159112,824,429,2.0247,<1H OCEAN,legacy_import,124282.0,8.00932400932401,0.2629168116751779,1.9207459207459208
101990,-116.64,33.29,24,2135,530.1255473128681,441,245,2.2724,INLAND,survey_2023,112252.0,8.714285714285714,0.24830236408096867,1.8
101661,-119.14,37.26,14,1168,221.2054580700066,743,193,2.1949,<1H OCEAN,legacy_import,143193.0,6.051813471502591,0.18938823464897828,3.849740932642487
100607,-120.66,35.12,3,3581,667.7228023577645,2851,718,0.8304,INLAND,legacy_import,45578.0,4.987465181058496,0.18646266471872788,3.9707520891364902
101800,-114.73,35.32,11,9013,3136.6796988162537,2326,1100,1.8654,<1H OCEAN,survey_2023,125425.0,8.193636363636363,0.34801727491581647,2.1145454545454547
101839,-122.05,39.0,18,11319,3158.240230656273,2639,1296,1.5032,INLAND,survey_2023,107355.0,8.733796296296296,0.2790211353172783,2.0362654320987654
101057,-120.28,33.23,1,3233,905.331645622727,2753,1037,1.3388,NEAR OCEAN,survey_2023,87494.0,3.1176470588235294,0.2800283469293928,2.6547733847637414
101440,-114.6,35.75,23,4612,1497.1498065176768,3049,1232,3.0357000000000003,INLAND,survey_2023,80549.0,3.7435064935064934,0.32462051312178597,2.4748376623376624
101514,-122.34,40.6,28,4740,1384.4779715761492,1658,547,1.9188,NEAR OCEAN,legacy_import,135054.0,8.6654478976234,0.29208396024813277,3.0310786106032905
101585,-122.94,35.62,34,2091,343.26002943474384,1834,467,4.8094,<1H OCEAN,survey_2023,257309.0,4.477516059957173,0.16416070274258435,3.9271948608137044
101091,-117.8,41.6,35,2130,325.23193979801266,430,264,1.1495,INLAND,legacy_import,86377.0,8.068181818181818,0.15269105154836274,1.628787878787879
101560,-120.77,35.41,26,2488,625.6253918326198,807,331,1.4111,<1H OCEAN,survey_2023,125355.0,7.516616314199395,0.25145715105812694,2.4380664652567976
101101,-114.61,39.61,18,3752,636.0848720382843,3226,1198,0.5,<1H OCEAN,survey_2023,69437.0,3.1318864774624373,0.16953221536201607,2.692821368948247
101129,-121.7,40.47,15,7133,1419.7802505274303,2979,837,3.9234,NEAR OCEAN,survey_2023,250612.0,8.5221027479092,0.19904391567747517,3.5591397849462365
101235,-120.61,34.72,3,964,204.5037733688144,374,216,2.6857,<1H OCEAN,survey_2023,185985.0,4.462962962962963,0.21214084374358338,1.7314814814814814
101782,-119.69,32.6,47,9166,2550.058777848704,2974,1037,4.0305,NEAR BAY,survey_2023,166349.0,8.838958534233365,0.2782084636535789,2.867888138862102
100958,-122.64,35.1,51,2186,591.4031809843896,1040,572,3.4811,<1H OCEAN,survey_2023,207188.0,3.8216783216783217,0.2705412538812395,1.8181818181818181
101662,-115.11,32.98,14,4162,1140.7775409035448,1893,591,2.7742,<1H OCEAN,survey_2023,158841.0,7.042301184433164,0.27409359464285077,3.203045685279188
100559,-118.1,37.26,7,2833,641.3745750588546,1789,759,3.8079,INLAND,survey_2023,182862.0,3.7325428194993413,0.22639413168332317,2.357048748353096
100846,-123.45,39.98,19,6531,1199.6325063088752,3325,1290,1.5926,NEAR BAY,legacy_import,133743.0,5.062790697674418,0.1836828213610282,2.5775193798449614
101868,-122.98,38.75,42,1857,540.4035168360035,522,271,2.9328,NEAR BAY,survey_2023,183622.0,6.85239852398524,0.2910088943651069,1.9261992619926198
100690,-121.06,37.54,20,81,27.308758754746307,37,16,5.8475,ISLAND,survey_2023,327552.0,5.0625,0.3371451698116828,2.3125
101519,-115.03,34.5,2,1578,269.5019879300586,756,227,0.5427,INLAND,survey_2023,47527.0,6.951541850220265,0.17078706459446044,3.3303964757709252
101955,-114.97,40.75,25,10122,1551.9849313304285,3768,1224,1.4713,INLAND,survey_2023,82529.0,8.269607843137255,0.15332789284039008,3.0784313725490198
101882,-117.94,41.6,44,10510,1015.5418559096522,3603,1358,3.1022,INLAND,survey_2023,119393.0,7.739322533136966,0.09662624699425806,2.653166421207658
100436,-123.57,36.16,52,160,33.311216183963694,92,25,6.0721,NEAR OCEAN,survey_2023,258655.0,6.4,0.20819510114977308,3.68
100490,-119.74,35.21,14,11918,2802.211556181488,2411,1460,3.0101,INLAND,survey_2023,86310.0,8.163013698630136,0.23512431248376306,1.6513698630136986
101854,-115.11,38.79,9,5052,1256.9247329906138,2018,855,2.0764,<1H OCEAN,survey_2023,131511.0,5.908771929824561,0.24879745308602808,2.360233918128655
101629,-119.8,38.46,48,5510,1547.59297947088,1141,671,1.9235,<1H OCEAN,survey_2023,124447.0,8.211624441132638,0.2808698692324646,1.700447093889717
101387,-122.99,37.79,3,4333,1166.6108284064426,1046,498,4.1468,NEAR BAY,survey_2023,220598.0,8.700803212851406,0.26923859413949747,2.1004016064257027
100069,-114.43,35.64,31,483,125.2386978066674,202,108,0.63,INLAND,legacy_import,69696.0,4.472222222222222,0.25929337020013954,1.8703703703703705
101572,-116.93,40.48,11,11165,3701.925781627094,2276,1300,0.5,INLAND,survey_2023,44282.0,8.588461538461539,0.33156522898585705,1.7507692307692309
101184,-123.27,37.39,43,2807,701.6983268890265,1735,625,4.7594,<1H OCEAN,survey_2023,303976.0,4.4912,0.24998159133916156,2.776
100011,-114.6,33.1,22,4147,1281.554254802179,1722,465,2.6033,NEAR BAY,survey_2023,167073.0,8.918279569892473,0.30903165054308634,3.703225806451613
100144,-121.45,36.98,47,2570,641.9794535802471,988,386,0.5645,INLAND,survey_2023,18974.0,6.658031088082901,0.24979745275495996,2.5595854922279795
100917,-114.82,40.56,15,3593,957.0748480019984,1637,836,1.7197,<1H OCEAN,survey_2023,63988.0,4.297846889952153,0.2663720701369325,1.958133971291866
101541,-123.23,40.19,24,12543,2659.712699210226,3614,1483,5.5068,<1H OCEAN,survey_2023,327180.0,8.457855697909643,0.21204757228814688,2.436952124072825
101451,-118.12,38.91,41,3868,968.7807538352156,1491,493,0.7245,<1H OCEAN,legacy_import,86882.0,7.845841784989858,0.25046038103288926,3.024340770791075
100639,-120.53,39.17,13,47,8.219743621152874,24,9,3.1852,<1H OCEAN,survey_2023,160129.0,5.222222222222222,0.1748881621521888,2.6666666666666665
100176,-117.39,35.15,24,7687,2486.76485932942,5435,1391,5.9062,NEAR BAY,survey_2023,301739.0,5.526240115025161,0.3235026485403174,3.90726096333573
100994,-120.69,33.75,49,150,34.56978770275983,54,27,3.9827,INLAND,survey_2023,173738.0,5.555555555555555,0.2304652513517322,2.0
100440,-123.45,37.76,46,7470,1940.1578673652807,2886,1481,2.3807,INLAND,survey_2023,107158.0,5.0438892640108035,0.2597266221372531,1.948683322079676
100521,-120.49,33.78,1,3374,1142.2067946479872,1955,795,13.5712,<1H OCEAN,survey_2023,500001.0,4.244025157232705,0.3385319486212173,2.459119496855346
101998,-123.73,37.53,23,1524,288.97390619387096,779,217,6.7212,NEAR OCEAN,legacy_import,312139.0,7.023041474654378,0.18961542401172635,3.589861751152074
101959,-116.44,32.87,36,2963,961.4534150753268,1244,623,0.5352,<1H OCEAN,legacy_import,42252.0,4.756019261637239,0.324486471507029,1.9967897271268058
101712,-116.49,39.21,42,2242,771.4351977570697,1924,498,4.8026,NEAR BAY,legacy_import,237834.0,4.502008032128514,0.34408349587737275,3.8634538152610443
101004,-116.23,37.93,47,6213,1787.5104220592327,1555,739,4.0536,<1H OCEAN,survey_2023,184731.0,8.407307171853857,0.28770488042157294,2.1041948579161027
101255,-120.0,33.86,47,1148,280.34827771036487,762,340,2.91,INLAND,legacy_import,169949.0,3.376470588235294,0.24420581682087533,2.2411764705882353
101234,-117.78,36.21,4,4563,1553.2156521140855,3359,1034,4.0356,INLAND,survey_2023,218600.0,4.412959381044487,0.3403935244606806,3.248549323017408
101664,-114.38,37.74,12,626,205.27674829913144,318,97,2.7673,INLAND,survey_2023,111521.0,6.453608247422681,0.3279181282733729,3.2783505154639174
100143,-121.29,35.49,42,276,47.85305345385866,231,59,1.786,NEAR BAY,survey_2023,121497.0,4.677966101694915,0.17338062845600963,3.9152542372881354
100753,-120.95,35.78,34,7327,1990.4753373704184,3257,853,0.5,INLAND,survey_2023,80411.0,8.58968347010551,0.2716630732046429,3.8182883939038685
100519,-122.8,39.37,26,1067,209.74317542136544,470,293,0.5228,<1H OCEAN,legacy_import,60630.0,3.641638225255973,0.19657279795816818,1.6040955631399318
101821,-123.09,35.94,34,3363,709.1290919603964,1787,838,3.5448,INLAND,survey_2023,152814.0,4.013126491646778,0.21086205529598465,2.132458233890215
101322,-115.58,39.78,36,342,69.71395846742482,159,84,3.2337,INLAND,survey_2023,153036.0,4.071428571428571,0.20384198382287957,1.8928571428571428
100822,-120.97,38.53,23,7913,1761.046318116982,2213,1400,2.0207,<1H OCEAN,legacy_import,154874.0,5.652142857142858,0.2225510322402353,1.5807142857142857
100428,-120.79,35.48,35,2023,545.1435047290389,680,379,4.7811,NEAR BAY,survey_2023,286840.0,5.337730870712401,0.2694728149921102,1.7941952506596306
100612,-118.02,34.84,15,3187,1056.32521183971,2125,646,2.4871,INLAND,survey_2023,172402.0,4.93343653250774,0.33144813675547846,3.289473684210526
101505,-120.31,38.41,37,4294,1021.256783248055,1914,670,1.1826,<1H OCEAN,survey_2023,92329.0,6.408955223880597,0.23783343811086516,2.8567164179104476
101032,-122.0,39.63,24,1581,280.009292197961,736,198,7.2377,<1H OCEAN,survey_2023,344581.0,7.984848484848484,0.17710897672230297,3.717171717171717
100156,-117.58,33.85,32,3352,516.7100449555501,2525,792,4.1118,INLAND,survey_2023,166762.0,4.232323232323233,0.15414977474807579,3.188131313131313
100539,-123.01,39.8,33,5883,1906.514200894666,2147,1286,1.1452,INLAND,survey_2023,81913.0,4.574650077760498,0.32407176625780487,1.6695178849144634
101530,-121.19,35.14,49,571,148.31168339023216,239,93,12.3205,<1H OCEAN,legacy_import,500001.0,6.139784946236559,0.2597402511212472,2.5698924731182795
101460,-120.36,35.12,2,4642,1075.3050219711042,1493,531,6.4105,<1H OCEAN,survey_2023,319803.0,8.741996233521657,0.23164692416439125,2.8116760828625234
101290,-120.33,33.14,17,10568,2699.971421559693,3755,1404,2.7917,<1H OCEAN,survey_2023,168358.0,7.527065527065527,0.25548556222177266,2.6745014245014245
100461,-117.81,40.86,50,8268,2780.026830386484,3368,985,6.0436,<1H OCEAN,survey_2023,328217.0,8.393908629441624,0.33623933604093903,3.419289340101523
100576,-122.83,41.8,22,10531,3030.253879190439,5389,1498,2.5982,NEAR BAY,legacy_import,197917.0,7.030040053404539,0.28774607152126475,3.597463284379172
101362,-118.07,39.08,23,6082,1222.260393772336,4118,1247,6.0409,<1H OCEAN,survey_2023,286951.0,4.877305533279872,0.20096356359295234,3.302325581395349
100255,-118.73,37.93,15,4080,1133.9498646196698,2470,1028,5.3932,<1H OCEAN,survey_2023,286520.0,3.9688715953307394,0.277928888387174,2.40272373540856
100979,-118.33,41.72,20,3003,874.6470617118279,2349,771,4.8858,<1H OCEAN,survey_2023,288797.0,3.894941634241245,0.29125776280780147,3.046692607003891
101185,-114.93,37.59,36,11650,3783.742172969172,2737,1453,3.372,INLAND,survey_2023,115571.0,8.017894012388162,0.32478473587718215,1.8836889194769442
101006,-117.38,41.11,51,8848,2394.7884979837168,4054,1210,0.7374,INLAND,survey_2023,15000.0,7.312396694214876,0.2706587362097329,3.350413223140496
101521,-114.96,36.96,42,9687,3320.0899716774966,2265,1124,2.9735,<1H OCEAN,survey_2023,147840.0,8.61832740213523,0.3427366544521004,2.0151245551601424
101689,-116.65,32.68,19,5316,1669.2921718985117,2837,876,0.7902,INLAND,survey_2023,38762.0,6.068493150684931,0.31401282390867413,3.2385844748858448
100560,-117.26,40.05,43,3060,1016.7947370089788,2564,747,3.1996,INLAND,legacy_import,203811.0,4.096385542168675,0.33228586176764013,3.43239625167336
100208,-124.25,35.28,36,1678,577.5475592006425,1267,395,5.0123,<1H OCEAN,legacy_import,238994.0,4.248101265822785,0.34418805673459024,3.207594936708861
100910,-118.4,34.69,16,4315,1008.3585075467054,2216,847,4.4089,<1H OCEAN,survey_2023,199280.0,5.094451003541913,0.23368679201545894,2.61629279811098
101311,-115.35,38.74,51,255,58.42468770772093,84,46,8.6848,NEAR OCEAN,survey_2023,428189.0,5.543478260869565,0.22911642238321933,1.826086956521739
100001,-114.79,34.85,21,1086,285.7559803618884,719,288,2.1628,<1H OCEAN,legacy_import,143235.0,3.7708333333333335,0.26312705374022877,2.4965277777777777
101365,-122.98,38.55,7,738,132.8859849671218,635,192,6.1333,INLAND,legacy_import,295043.0,3.84375,0.18006231025355257,3.3072916666666665
100269,-121.36,37.37,35,11651,2661.6667121279165,3011,1413,3.0357000000000003,INLAND,survey_2023,97898.0,8.245576786978061,0.2284496362653778,2.1309271054493983
100265,-116.89,38.5,32,5374,872.0363552982519,2179,621,1.5563,<1H OCEAN,survey_2023,119167.0,8.65378421900161,0.1622695115925292,3.5088566827697263
100914,-118.78,34.63,5,9216,1874.8745020490076,2565,1083,1.4677,<1H OCEAN,legacy_import,102806.0,8.509695290858726,0.20343690343413712,2.3684210526315788
100230,-116.35,39.56,14,4103,1057.1120467207209,2708,923,2.1825,NEAR OCEAN,survey_2023,163238.0,4.445287107258938,0.2576436867464589,2.933911159263272
101993,-122.95,32.99,42,4160,999.1127599378506,1920,839,2.8862,INLAND,survey_2023,96280.0,4.9582836710369484,0.24017133652352177,2.2884386174016687
101119,-123.0,34.54,24,6306,1908.8763138972568,2994,818,12.6342,<1H OCEAN,survey_2023,500001.0,7.709046454767726,0.3027079470182773,3.6601466992665035
101987,-119.34,36.78,17,8183,2438.7683721849758,3470,1478,4.0779,NEAR BAY,legacy_import,223138.0,5.536535859269283,0.2980286413521906,2.3477672530446547
100864,-120.29,36.65,19,6488,991.47852842254,4039,1135,1.7071,INLAND,legacy_import,92265.0,5.7162995594713655,0.15281728243257398,3.558590308370044
101066,-121.91,32.64,27,10920,3784.519388874453,4211,1357,2.3824,<1H OCEAN,legacy_import,131008.0,8.047162859248342,0.3465677096038876,3.103168754605748
100873,-120.21,36.48,19,1072,300.5700628835449,538,175,6.6117,NEAR OCEAN,survey_2023,323508.0,6.1257142857142854,0.28038252134659036,3.0742857142857143
100398,-116.79,38.64,46,5764,913.059564445117,1487,909,2.9709,NEAR BAY,survey_2023,205675.0,6.341034103410341,0.15840728043808414,1.635863586358636
101842,-119.91,37.02,22,168,29.837838750606984,111,47,3.1502,<1H OCEAN,legacy_import,185478.0,3.574468085106383,0.1776061830393273,2.3617021276595747
101652,-121.67,40.36,21,4569,1207.1374475690534,2867,1239,4.6578,<1H OCEAN,legacy_import,226657.0,3.6876513317191284,0.264201673794934,2.313962873284907
100045,-117.67,39.37,18,2032,704.5312978624323,811,245,1.8255,INLAND,survey_2023,91713.0,8.293877551020408,0.3467181583968663,3.3102040816326532
100161,-117.98,38.4,40,5480,964.8800664978723,2082,935,3.53,<1H OCEAN,survey_2023,198193.0,5.86096256684492,0.17607300483537816,2.2267379679144383
100991,-117.35,40.1,44,8796,1877.8874953983911,2203,1447,0.725,<1H OCEAN,survey_2023,47213.0,6.0787836903939185,0.21349334872651105,1.5224602626123014
100727,-116.35,34.67,39,10175,2680.427843141443,3663,1424,8.2222,<1H OCEAN,survey_2023,382639.0,7.145365168539326,0.2634327118566529,2.572331460674157
100629,-121.78,36.18,3,4784,1116.2004695279647,3250,834,6.3171,NEAR BAY,legacy_import,358587.0,5.73621103117506,0.2333194961387886,3.8968824940047964
100288,-121.43,37.08,11,2264,767.2627061623139,939,310,2.3658,INLAND,survey_2023,85484.0,7.303225806451613,0.3388969550186899,3.029032258064516
101613,-121.06,40.08,19,5290,1077.6977986052395,1421,859,7.8809,<1H OCEAN,survey_2023,372650.0,6.158323632130384,0.20372359141875984,1.6542491268917345
101059,-118.02,41.54,8,6248,988.5577044651316,1813,726,11.0062,INLAND,survey_2023,461591.0,8.606060606060606,0.15821986307060365,2.497245179063361
101971,-115.98,37.67,41,3029,1015.5418559096522,1100,483,2.9224,INLAND,survey_2023,95981.0,6.271221532091097,0.3352729798315128,2.277432712215321
100575,-114.8,38.58,24,667,132.85802438133007,419,105,0.924,<1H OCEAN,survey_2023,68831.0,6.352380952380952,0.19918744285056983,3.9904761904761905
100850,-123.63,38.74,24,9841,3007.9326389031157,3727,1437,4.2937,INLAND,survey_2023,197415.0,6.848295059151009,0.3056531489587558,2.593597773138483
101339,-123.99,38.71,7,3648,1015.5418559096522,2646,986,1.4736,<1H OCEAN,survey_2023,114440.0,3.6997971602434077,0.2783831841857599,2.683569979716024
100911,-121.62,32.51,15,970,300.9799941332542,561,256,1.5327,INLAND,survey_2023,102320.0,3.7890625,0.31028865374562287,2.19140625
101254,-117.44,35.7,9,4028,776.8722067987011,2147,987,6.7069,NEAR OCEAN,survey_2023,343413.0,4.0810536980749745,0.1928679758685951,2.1752786220871325
101722,-121.27,41.39,30,7251,2336.862694689873,5521,1452,5.0086,<1H OCEAN,legacy_import,266847.0,4.993801652892562,0.32228143631083617,3.8023415977961434
101906,-114.72,37.38,12,176,48.48071245863436,134,47,1.7087,<1H OCEAN,survey_2023,98350.0,3.74468085106383,0.27545859351496793,2.851063829787234
101735,-115.43,36.97,44,6043,945.5706101990716,2567,1443,5.367,NEAR BAY,survey_2023,288655.0,4.187803187803188,0.156473706801104,1.778932778932779
100932,-114.46,33.25,46,4517,991.777637940376,5470,1453,0.7195,<1H OCEAN,survey_2023,64974.0,3.1087405368203718,0.21956556075722294,3.7646249139710943
101100,-123.72,33.38,23,7564,1542.5232850884042,4643,1336,2.1885,<1H OCEAN,survey_2023,157462.0,5.661676646706587,0.2039295723279223,3.4752994011976046
101657,-121.24,37.35,8,1938,309.704511091338,531,252,6.0628,INLAND,survey_2023,275766.0,7.690476190476191,0.15980624927313622,2.107142857142857
101207,-119.84,39.61,28,8466,1015.5418559096522,2765,1072,1.7743,<1H OCEAN,survey_2023,135769.0,7.897388059701493,0.11995533379513965,2.5792910447761193
100247,-114.63,40.4,34,2074,1015.5418559096522,783,328,5.5335,INLAND,survey_2023,264269.0,6.323170731707317,0.48965373958999625,2.3871951219512195
100476,-123.56,33.74,7,4758,1165.641820741811,4222,1123,7.9695,<1H OCEAN,survey_2023,367961.0,4.23686553873553,0.24498567060567697,3.759572573463936
101694,-120.62,35.78,34,1479,481.43868831537,474,264,4.3448,<1H OCEAN,survey_2023,228002.0,5.6022727272727275,0.32551635450667343,1.7954545454545454
100085,-121.05,37.23,31,4896,883.3523818262559,2054,623,2.9875,<1H OCEAN,survey_2023,166143.0,7.858747993579454,0.18042328060176793,3.2969502407704656
100469,-114.67,37.66,4,3262,982.1632216252958,2687,756,1.2221,NEAR OCEAN,survey_2023,81823.0,4.314814814814815,0.30109234261964923,3.554232804232804
100225,-121.86,36.95,40,2956,499.24836892508335,605,361,3.3921,INLAND,legacy_import,141637.0,8.18836565096953,0.1688932235876466,1.6759002770083102
100774,-116.33,37.69,25,1746,285.4808429792764,794,504,0.6491,<1H OCEAN,survey_2023,53422.0,3.4642857142857144,0.1635056374451755,1.5753968253968254
100331,-116.72,33.07,13,2692,410.65864709275655,2388,849,4.6719,NEAR BAY,survey_2023,233337.0,3.170789163722026,0.152547788667443,2.812720848056537
100233,-119.37,40.6,16,7047,2051.527631198903,4010,1244,3.462,<1H OCEAN,legacy_import,184280.0,5.664790996784566,0.2911207082728683,3.2234726688102895
100588,-123.02,34.8,32,5015,1015.5418559096522,1924,628,10.7967,<1H OCEAN,survey_2023,495471.0,7.985668789808917,0.20250086857620184,3.0636942675159236
100475,-114.37,40.76,1,6567,1488.544036443943,4737,1459,2.3801,INLAND,survey_2023,109423.0,4.501028101439342,0.22667032685304447,3.2467443454420835
101284,-121.04,36.93,34,6788,1346.9845429913294,4422,1454,3.9259,<1H OCEAN,survey_2023,191483.0,4.668500687757909,0.1984361436345506,3.0412654745529575
101885,-119.68,41.38,23,8270,1968.7397360983832,3766,969,1.7822,<1H OCEAN,survey_2023,143236.0,8.534571723426213,0.2380580092017392,3.886480908152735
100599,-123.89,33.77,42,6731,1413.4336123227258,4171,1433,7.1243,<1H OCEAN,survey_2023,347186.0,4.697138869504536,0.20998865136275827,2.9106769016050245
100421,-116.4,32.72,25,7580,2447.4722848395086,2198,912,2.5587,INLAND,survey_2023,116947.0,8.31140350877193,0.32288552570442064,2.4100877192982457
101711,-123.69,39.3,29,4244,1137.169285537705,1954,527,2.5755,<1H OCEAN,survey_2023,163802.0,8.053130929791271,0.2679475225112406,3.707779886148008
100182,-115.05,32.82,29,4387,1070.7176194786027,1429,818,5.9087,INLAND,survey_2023,218189.0,5.363080684596577,0.24406601766095343,1.7469437652811737
100988,-121.84,39.33,4,5164,1161.550190136648,2540,915,1.2795,INLAND,legacy_import,88568.0,5.643715846994535,0.22493225990252674,2.7759562841530054
101000,-122.45,38.89,19,4030,861.6494892710521,3362,864,3.412,<1H OCEAN,legacy_import,197684.0,4.664351851851852,0.2138088062707325,3.8912037037037037
101641,-115.88,41.13,3,1515,483.9086318341236,415,178,0.5174,NEAR OCEAN,survey_2023,97883.0,8.51123595505618,0.319411638174339,2.331460674157303
101356,-115.29,39.11,19,2914,587.004131976449,2204,675,1.0331,<1H OCEAN,survey_2023,111518.0,4.3170370370370375,0.20144273575032567,3.265185185185185
101462,-123.23,38.54,24,355,113.31115678180667,237,66,2.5566,INLAND,survey_2023,85433.0,5.378787878787879,0.3191863571318498,3.590909090909091
100049,-122.45,33.28,11,4055,890.9092752950136,3854,998,3.8878,NEAR OCEAN,survey_2023,227614.0,4.06312625250501,0.21970635642293798,3.8617234468937878
101892,-116.3,38.94,27,731,248.94831131952188,804,211,6.4615,INLAND,survey_2023,251781.0,3.4644549763033177,0.3405585654165826,3.81042654028436
101029,-116.01,38.51,25,235,81.27395491497047,158,46,2.9236,NEAR OCEAN,survey_2023,153229.0,5.108695652173913,0.3458466166594488,3.4347826086956523
100529,-115.65,41.98,8,4872,1499.6894437155452,2116,632,10.7456,NEAR OCEAN,survey_2023,500001.0,7.708860759493671,0.3078180303192827,3.348101265822785
101258,-123.66,36.22,51,3170,640.0953385592655,2534,733,5.2938,ISLAND,survey_2023,278563.0,4.324693042291951,0.20192281973478407,3.457025920873124
100486,-123.85,37.09,52,1993,569.5614909587266,920,231,10.4833,<1H OCEAN,legacy_import,469194.0,8.627705627705629,0.28578097890553267,3.982683982683983
101968,-120.95,38.09,14,3632,600.9654257298769,1906,869,2.7653,<1H OCEAN,survey_2023,160238.0,4.1795166858458,0.16546404893443747,2.1933256616800922
100497,-123.52,40.72,31,4266,770.5659449819177,4227,1101,3.9618,INLAND,survey_2023,160020.0,3.8746594005449593,0.18062961673275146,3.8392370572207084
101646,-123.02,37.13,15,3455,1194.153807360071,1885,500,2.627,<1H OCEAN,survey_2023,143984.0,6.91,0.3456306244168078,3.77
100106,-120.2,40.64,42,4163,1446.2221014885108,4409,1304,9.498,<1H OCEAN,survey_2023,432473.0,3.192484662576687,0.34739901549087454,3.3811349693251533
100443,-120.59,40.42,38,3843,1112.5653235841664,2985,1118,7.1608,INLAND,survey_2023,320162.0,3.4373881932021466,0.289504377721615,2.6699463327370303
101512,-114.74,41.77,26,769,172.07157609797332,629,177,2.0856,<1H OCEAN,legacy_import,111573.0,4.344632768361582,0.22376017698045944,3.553672316384181
100646,-118.36,41.59,22,237,58.782108027354674,82,33,4.4963,<1H OCEAN,survey_2023,205472.0,7.181818181818182,0.2480257722673193,2.484848484848485
101036,-120.9,36.6,34,5946,1166.7199319269464,2939,1452,6.0052,INLAND,survey_2023,260589.0,4.095041322314049,0.19621929564866236,2.0241046831955924
101762,-123.32,37.55,52,10293,2341.0131096455693,4165,1432,4.2362,<1H OCEAN,survey_2023,228782.0,7.187849162011173,0.2274373952827717,2.9085195530726256
100726,-122.9,33.12,35,8305,2483.315612836462,3299,1318,1.0238,INLAND,survey_2023,48419.0,6.301213960546282,0.29901452291829766,2.5030349013657056
100190,-123.37,34.97,21,6083,2067.412552951422,3602,1061,4.7971,INLAND,survey_2023,244210.0,5.7332704995287465,0.33986726170498477,3.394910461828464
101788,-123.63,33.63,51,3846,716.2879760819327,2194,1133,8.1516,NEAR BAY,survey_2023,394278.0,3.3945278022947925,0.18624232347424147,1.9364518976169462
101856,-116.75,35.87,15,5182,1352.9593658496724,3059,1134,8.6275,INLAND,survey_2023,389415.0,4.569664902998237,0.26108826048816525,2.697530864197531
100282,-120.54,36.99,8,3251,674.4523299839044,2335,995,3.4444,<1H OCEAN,legacy_import,168005.0,3.2673366834170854,0.20745996000735295,2.3467336683417086
100029,-123.84,38.71,47,2462,567.1017742527285,2387,786,4.3631,<1H OCEAN,legacy_import,222561.0,3.132315521628499,0.23034190668266796,3.0368956743002546
100169,-118.39,35.59,48,3702,612.0045289951396,2854,960,5.2856,<1H OCEAN,survey_2023,272510.0,3.85625,0.16531726877232297,2.972916666666667
101001,-118.88,40.07,49,5513,1652.61578622972,1551,690,1.3271,INLAND,legacy_import,53687.0,7.989855072463768,0.2997670571793434,2.247826086956522
101204,-119.41,38.93,43,4754,1272.2750386899602,4929,1411,2.3015,<1H OCEAN,survey_2023,150513.0,3.3692416725726435,0.26762201066259156,3.4932671863926292
100100,-123.99,41.19,11,619,170.26012835889426,313,80,1.1089,INLAND,legacy_import,53316.0,7.7375,0.27505675017591963,3.9125
100197,-115.33,40.71,14,2083,685.0302146088034,1915,614,5.725,INLAND,survey_2023,258571.0,3.3925081433224755,0.3288671217517059,3.1188925081433223
100495,-120.77,37.18,35,9756,2761.6849860964217,4358,1287,5.3146,<1H OCEAN,survey_2023,278272.0,7.580419580419581,0.28307554183030154,3.386169386169386
101745,-119.49,34.52,8,196,43.02332741628567,81,23,3.078,<1H OCEAN,legacy_import,158243.0,8.521739130434783,0.21950677253206974,3.5217391304347827
100647,-117.51,37.25,24,5973,1015.5418559096522,4076,1047,4.054,<1H OCEAN,legacy_import,233233.0,5.70487106017192,0.1700220753238996,3.8930276981852914
100987,-119.95,37.3,41,4988,1727.7720954117358,5164,1396,1.3033,NEAR OCEAN,survey_2023,118893.0,3.5730659025787967,0.34638574487003526,3.6991404011461317
100044,-121.71,40.67,50,9407,2601.544872487795,2125,1331,6.4968,<1H OCEAN,survey_2023,337981.0,7.067618332081142,0.2765541482393744,1.5965439519158526
101952,-118.32,41.76,16,2647,461.8198406626884,1220,712,1.8073,INLAND,survey_2023,88665.0,3.717696629213483,0.17446915023146523,1.7134831460674158
100710,-116.7,39.84,20,6302,1337.0221265586686,2699,886,2.8591,NEAR BAY,survey_2023,182003.0,7.112866817155756,0.2121583825069293,3.04627539503386
100373,-117.47,36.58,46,7681,2506.3967282526637,2662,1208,2.0666,INLAND,survey_2023,110192.0,6.358443708609271,0.3263112522136003,2.2036423841059603
100678,-114.61,33.56,43,2952,1017.5586411818354,2016,588,3.1256,INLAND,survey_2023,140925.0,5.020408163265306,0.34470143671471387,3.4285714285714284
100566,-120.38,34.71,44,4565,805.3379282831004,2107,1069,2.6672,<1H OCEAN,survey_2023,128452.0,4.270346117867166,0.1764157564694634,1.971000935453695
101672,-115.62,39.38,17,7729,1688.0426996507915,3623,1244,0.5,INLAND,legacy_import,42740.0,6.213022508038585,0.218403764995574,2.912379421221865
100847,-114.33,34.88,18,7305,2065.4363957245964,3198,994,5.2214,NEAR OCEAN,survey_2023,239167.0,7.349094567404427,0.28274283309029385,3.217303822937626
100460,-123.12,41.94,48,801,147.6440609719073,265,95,6.5197,NEAR OCEAN,survey_2023,313093.0,8.43157894736842,0.18432467037691297,2.789473684210526
101437,-117.25,38.17,13,7450,1408.7702754816194,1982,1104,1.3829,NEAR OCEAN,survey_2023,143868.0,6.7481884057971016,0.18909668127270057,1.7952898550724639
101155,-116.77,38.67,16,8470,2300.2977572461577,3155,1272,7.7823,NEAR OCEAN,legacy_import,412516.0,6.658805031446541,0.2715817895213882,2.4803459119496853
100039,-119.9,34.88,15,2685,437.7473617968002,1825,509,3.8532,<1H OCEAN,survey_2023,188638.0,5.275049115913556,0.1630343991794414,3.5854616895874263
100434,-123.46,41.63,46,5347,1089.9679611673737,2285,1032,1.3482,<1H OCEAN,survey_2023,142088.0,5.1812015503875966,0.20384663571486322,2.2141472868217056
100973,-122.15,39.48,42,7680,2633.4954075408737,2468,1190,1.3653,NEAR OCEAN,legacy_import,121367.0,6.453781512605042,0.3429030478568846,2.073949579831933
101239,-122.44,37.79,7,4795,1364.765656915246,1692,552,2.1133,<1H OCEAN,survey_2023,172913.0,8.68659420289855,0.2846226604619908,3.0652173913043477
101007,-115.81,32.62,8,1805,420.0656826151315,1085,415,6.9786,<1H OCEAN,survey_2023,372757.0,4.349397590361446,0.23272336986987893,2.6144578313253013
101579,-118.83,37.18,26,5966,1006.5705523888146,2238,695,2.0386,INLAND,survey_2023,83470.0,8.584172661870504,0.16871782641448452,3.2201438848920865
101590,-117.38,41.54,48,4318,1411.7760677026583,2712,1006,1.9119,NEAR BAY,survey_2023,161513.0,4.292246520874752,0.3269513820524915,2.695825049701789
101786,-117.93,37.98,20,1652,316.1206272006893,807,400,1.388,NEAR OCEAN,survey_2023,130724.0,4.13,0.19135631186482402,2.0175
101498,-120.5,34.37,44,4379,1015.5418559096522,3619,1139,6.2001,INLAND,survey_2023,254036.0,3.8446005267778753,0.23191181911615716,3.177348551360843
100456,-124.19,36.72,41,189,50.87440150388857,95,39,9.2447,INLAND,legacy_import,372016.0,4.846153846153846,0.26917672753380195,2.4358974358974357
101835,-117.74,35.38,2,9087,1889.906067254162,4793,1311,1.4513,<1H OCEAN,survey_2023,163857.0,6.931350114416476,0.20797909841027423,3.6559877955758964
100260,-118.15,39.85,17,2428,759.7962012084708,965,276,4.6654,<1H OCEAN,survey_2023,262663.0,8.797101449275363,0.3129308901188101,3.496376811594203
101840,-120.58,37.55,13,2433,608.2083411360139,1179,299,3.5603,NEAR BAY,survey_2023,162579.0,8.137123745819398,0.24998287757337193,3.94314381270903
100035,-116.22,35.82,38,7518,2472.343495812778,2267,1101,3.2823,INLAND,survey_2023,150480.0,6.8283378746594,0.3288565437367356,2.059037238873751
100827,-120.83,33.41,28,2853,592.8179375362216,2230,634,0.5,<1H OCEAN,legacy_import,77872.0,4.5,0.20778757011434337,3.5173501577287065
100309,-121.59,35.78,29,3952,1015.5418559096522,2692,902,6.7815,<1H OCEAN,legacy_import,317601.0,4.381374722838138,0.25696909309454763,2.984478935698448
100276,-116.32,39.56,22,11540,2205.1422485722933,3078,1296,2.1652,INLAND,survey_2023,102817.0,8.904320987654321,0.19108684996293704,2.375
100636,-118.97,41.68,48,4278,1273.7966439611496,1783,511,1.4962,NEAR BAY,survey_2023,107567.0,8.371819960861057,0.29775517624150294,3.4892367906066535
100622,-120.6,36.62,8,1205,394.1031332166628,395,220,8.6229,NEAR OCEAN,survey_2023,406860.0,5.4772727272727275,0.32705654208851687,1.7954545454545454
101859,-117.02,40.42,5,7071,1282.7976944768038,1720,864,1.6637,INLAND,survey_2023,135471.0,8.184027777777779,0.1814167295257819,1.9907407407407407
100844,-122.81,37.98,33,11520,1996.5274293509085,2275,1447,5.2564,INLAND,survey_2023,270687.0,7.961299239806496,0.1733096726867108,1.5722183828610918
100393,-116.54,33.85,46,3810,599.9368216441991,2418,986,4.3751,<1H OCEAN,survey_2023,184899.0,3.864097363083164,0.15746373271501288,2.4523326572008113
101769,-120.36,33.61,23,2679,830.9924174208146,1238,579,8.7821,INLAND,survey_2023,371893.0,4.626943005181347,0.3101875391641712,2.138169257340242
100107,-116.74,41.11,7,9547,3008.953616138204,4380,1140,0.5,<1H OCEAN,legacy_import,48824.0,8.374561403508771,0.3151726842084638,3.8421052631578947
100349,-118.04,32.6,23,5537,975.0893977205094,3286,855,0.5,INLAND,survey_2023,64832.0,6.476023391812865,0.17610427988450594,3.8432748538011694
100524,-115.92,40.14,26,1029,283.5477771508224,893,227,1.1325,<1H OCEAN,survey_2023,86942.0,4.533039647577093,0.27555663474326764,3.933920704845815
100784,-122.48,40.61,32,1912,501.71440389725234,801,303,0.5202,<1H OCEAN,survey_2023,96050.0,6.31023102310231,0.2624029309086048,2.6435643564356437
100047,-119.1,39.22,20,846,154.03391195591033,408,185,9.5181,<1H OCEAN,survey_2023,444664.0,4.572972972972973,0.18207318198098146,2.2054054054054055
100203,-115.31,32.9,45,4196,1274.4060942562387,3834,1326,0.8025,INLAND,legacy_import,18468.0,3.1644042232277525,0.303719278898055,2.8914027149321266
101655,-114.93,34.44,11,3176,501.2978298814879,932,372,3.4687,INLAND,survey_2023,171048.0,8.53763440860215,0.1578393670911486,2.5053763440860215
100021,-122.91,37.82,34,8871,1645.5224924677352,3601,1055,2.1873,INLAND,legacy_import,118216.0,8.408530805687203,0.18549458826149648,3.4132701421800946
100402,-119.25,36.39,25,7759,1911.6752556668744,2343,956,0.5,<1H OCEAN,survey_2023,68077.0,8.116108786610878,0.246381654293965,2.450836820083682
101107,-116.72,32.59,6,5177,1756.4337648891308,3517,1282,1.1765,<1H OCEAN,survey_2023,106951.0,4.038221528861154,0.33927636949761075,2.7433697347893915
101154,-118.11,36.7,37,4487,936.5375569291064,2666,1226,1.6094,<1H OCEAN,legacy_import,77600.0,3.6598694942903753,0.20872243301294993,2.1745513866231647
101439,-117.57,41.33,25,272,43.965958695087615,107,58,1.9313,<1H OCEAN,survey_2023,115433.0,4.689655172413793,0.1616395540260574,1.8448275862068966
100989,-116.11,40.7,15,8773,1614.024233025956,2120,1243,5.7817,<1H OCEAN,survey_2023,282566.0,7.057924376508447,0.18397631745422957,1.7055510860820595
101865,-114.93,35.87,46,6414,2237.5875702438207,4292,1136,5.4404,INLAND,survey_2023,244715.0,5.64612676056338,0.34885992676080774,3.778169014084507
100741,-121.29,34.64,18,5378,1614.7380788668477,1909,1139,0.726,INLAND,survey_2023,28089.0,4.7216856892010535,0.3002488060369743,1.6760316066725198
101721,-123.09,40.43,50,1751,374.3125904693295,1009,452,1.5356,INLAND,legacy_import,60225.0,3.8738938053097347,0.21377075412297517,2.232300884955752
101310,-123.5,39.37,1,1950,308.8558255780012,1598,426,2.8726,<1H OCEAN,survey_2023,116801.0,4.577464788732394,0.15838760286051343,3.751173708920188
101147,-117.72,38.83,25,6411,2074.725376491004,2768,1402,4.3022,INLAND,survey_2023,186993.0,4.572753209700428,0.3236196188568093,1.9743223965763195
100033,-114.81,41.73,51,693,193.7931445259861,300,80,3.0495,INLAND,survey_2023,176324.0,8.6625,0.2796437871947851,3.75
100787,-120.29,34.37,43,5346,841.7091011761203,4493,1485,2.3096,NEAR BAY,legacy_import,94854.0,3.6,0.15744652098318748,3.0255892255892256
101540,-117.21,34.5,16,1955,323.2657942236874,898,366,0.7021,<1H OCEAN,survey_2023,85214.0,5.341530054644808,0.16535334742899613,2.453551912568306
100923,-116.3,34.23,4,4814,1166.9120044420135,2632,728,9.7166,NEAR BAY,survey_2023,500001.0,6.612637362637362,0.2423996685587897,3.6153846153846154
101043,-118.04,36.33,26,1631,1015.5418559096522,667,293,3.7997,NEAR OCEAN,survey_2023,254265.0,5.566552901023891,0.6226498196870952,2.2764505119453924
101949,-119.96,34.72,4,5400,1477.656370293723,1233,602,3.66,INLAND,legacy_import,163357.0,8.970099667774086,0.2736400685729117,2.048172757475083
101243,-115.85,39.12,1,5821,1421.437967553637,2660,1168,2.6114,<1H OCEAN,survey_2023,173801.0,4.983732876712328,0.244191370478206,2.2773972602739727
101915,-117.08,36.25,52,3226,735.9983870664913,1365,412,1.0448,<1H OCEAN,legacy_import,77469.0,7.830097087378641,0.22814581124193778,3.313106796116505
100579,-121.72,38.65,6,2191,480.8565978163156,1869,606,0.5,INLAND,survey_2023,15000.0,3.6155115511551155,0.21946900858800347,3.0841584158415842
100481,-117.34,40.83,8,1763,599.132237665098,1731,453,4.3815,NEAR OCEAN,survey_2023,249005.0,3.891832229580574,0.3398367768945536,3.8211920529801326
100931,-115.95,38.78,48,1452,459.8006641947255,291,177,5.7229,<1H OCEAN,legacy_import,215614.0,8.203389830508474,0.31666712410105063,1.6440677966101696
100356,-124.03,41.07,48,9376,3276.6610636420046,2506,1042,3.6309,<1H OCEAN,legacy_import,220083.0,8.998080614203454,0.34947323630994076,2.404990403071017
101685,-115.68,37.87,22,5898,2002.914697399945,2159,674,3.2004,<1H OCEAN,legacy_import,171210.0,8.750741839762611,0.3395921833502789,3.2032640949554896
101248,-115.09,40.77,50,12364,3201.820726491233,3020,1465,4.3455,<1H OCEAN,survey_2023,235470.0,8.439590443686006,0.2589631774903941,2.061433447098976
100759,-116.41,33.09,23,9208,2914.354409558941,3081,1426,5.0164,NEAR BAY,survey_2023,257992.0,6.457223001402524,0.31650243370535847,2.1605890603085554
100092,-116.69,34.44,7,8066,1936.916198962779,3814,1152,3.6346,INLAND,legacy_import,181853.0,7.001736111111111,0.24013342412134625,3.310763888888889
101175,-118.9,34.26,51,5506,1326.289198972434,2773,1083,2.8568,INLAND,survey_2023,94742.0,5.0840258541089565,0.24088071176397274,2.5604801477377657
101415,-114.93,37.88,21,8685,2666.6699750925127,3148,1285,8.3845,INLAND,survey_2023,371746.0,6.7587548638132295,0.30704317502504463,2.4498054474708173
101341,-119.67,38.0,19,4506,938.155323094503,3833,1094,0.998,<1H OCEAN,survey_2023,80881.0,4.118829981718465,0.2082013588758329,3.503656307129799
101472,-115.51,38.29,21,6693,1509.0409586809506,2161,1057,5.8162,<1H OCEAN,survey_2023,270654.0,6.332071901608326,0.22546555486044384,2.044465468306528
100803,-118.23,41.62,51,2132,480.1633743531007,1117,550,1.8246,<1H OCEAN,survey_2023,89846.0,3.8763636363636365,0.22521734256712042,2.0309090909090908
100745,-115.3,39.92,33,5799,1711.1119412301096,2903,880,6.3892,INLAND,survey_2023,250831.0,6.589772727272727,0.2950701743800844,3.2988636363636363
101546,-116.24,33.29,16,70,17.34426065054892,37,11,6.8165,<1H OCEAN,survey_2023,341027.0,6.363636363636363,0.24777515215069887,3.3636363636363638
100279,-116.34,33.17,5,1437,372.6570807571963,837,269,7.8625,INLAND,survey_2023,353667.0,5.342007434944238,0.2593299100606794,3.1115241635687734
101607,-116.3,35.21,12,3512,1149.4188707951978,2902,799,7.5594,<1H OCEAN,survey_2023,360632.0,4.39549436795995,0.327283277561275,3.632040050062578
100764,-123.96,33.78,35,686,158.2871506806671,539,169,1.6836,<1H OCEAN,survey_2023,121127.0,4.059171597633136,0.23073928670651184,3.1893491124260356
100604,-123.09,32.5,7,6565,1561.1701184450872,2529,774,4.981,NEAR OCEAN,survey_2023,275487.0,8.481912144702843,0.23780199823992187,3.2674418604651163
101373,-119.38,38.79,45,2458,480.9374052373376,1364,592,0.5,NEAR OCEAN,survey_2023,70488.0,4.152027027027027,0.19566208512503563,2.304054054054054
101951,-122.09,40.43,18,979,234.9509512558904,586,156,3.4789,INLAND,survey_2023,159848.0,6.2756410256410255,0.23999075715616996,3.7564102564102564
101398,-118.13,34.87,31,2742,504.695100191013,3121,864,1.9289,INLAND,survey_2023,100585.0,3.173611111111111,0.18406094098869913,3.6122685185185186
100400,-123.27,35.74,16,4168,1298.0707231825222,2080,788,2.4787,<1H OCEAN,survey_2023,105702.0,5.289340101522843,0.31143731362344584,2.6395939086294415
101728,-116.16,34.05,9,1165,251.86803565264583,692,290,1.9059,INLAND,survey_2023,79127.0,4.017241379310345,0.2161957387576359,2.386206896551724
100257,-117.34,36.59,33,2832,815.9644493654284,905,468,3.1925,INLAND,survey_2023,114271.0,6.051282051282051,0.2881230400301654,1.9337606837606838
100944,-122.24,39.71,10,5202,1059.8295177178416,1566,808,1.0386,INLAND,survey_2023,73269.0,6.438118811881188,0.20373500917297993,1.938118811881188
101875,-118.88,36.48,48,11631,2615.623889310122,2072,1322,2.0221,<1H OCEAN,survey_2023,157418.0,8.79803328290469,0.2248838353804593,1.56732223903177
101096,-122.1,41.78,31,4290,1015.8542833185872,5003,1287,4.8902,INLAND,survey_2023,189087.0,3.3333333333333335,0.23679587023743293,3.8873348873348874
101219,-121.57,39.46,13,11230,2983.25813662627,3695,1434,1.7274,<1H OCEAN,survey_2023,37951.0,7.831241283124128,0.2656507690673437,2.5767085076708507
101507,-118.96,36.92,26,9807,2950.6502414941046,2423,1106,1.9831,NEAR BAY,survey_2023,130097.0,8.867088607594937,0.3008718508712251,2.190777576853526
101879,-118.65,34.7,1,4841,775.366185491364,2128,893,2.4356,INLAND,legacy_import,95031.0,5.421052631578948,0.1601665328426697,2.382978723404255
101161,-123.01,32.71,2,183,42.28239816893914,87,27,4.9386,<1H OCEAN,survey_2023,261775.0,6.777777777777778,0.2310513561144215,3.2222222222222223
100494,-119.66,37.36,16,508,138.98606155968642,185,72,1.0857,NEAR OCEAN,legacy_import,94385.0,7.055555555555555,0.27359460936946145,2.5694444444444446
100772,-123.03,40.17,40,261,52.06301777960904,93,44,0.8392,INLAND,survey_2023,37722.0,5.931818181818182,0.19947516390654804,2.1136363636363638
100550,-119.1,35.81,33,7404,1368.8341446624331,4354,1324,7.5132,<1H OCEAN,survey_2023,326972.0,5.59214501510574,0.18487765324992345,3.288519637462236
101486,-120.34,35.87,18,1332,219.89536974237123,718,297,1.8147,<1H OCEAN,legacy_import,103119.0,4.484848484848484,0.16508661392069912,2.4175084175084174
100201,-123.46,33.55,6,2209,737.6388682267976,1349,465,4.4501,<1H OCEAN,survey_2023,182167.0,4.7505376344086025,0.33392434052820175,2.901075268817204
100312,-124.05,37.19,33,1472,437.0088568782679,964,274,4.652,NEAR BAY,survey_2023,284358.0,5.372262773722627,0.2968810169009972,3.5182481751824817
100290,-123.99,38.3,47,121,1015.5418559096522,25,14,7.2675,<1H OCEAN,legacy_import,359546.0,8.642857142857142,8.39290790007977,1.7857142857142858
101984,-122.97,40.26,39,11015,1992.8504034317025,2179,1429,5.9065,INLAND,survey_2023,270724.0,7.708187543736879,0.1809215073474083,1.5248425472358293
101213,-116.35,39.09,34,6855,1577.0958263423977,1981,976,4.404,NEAR BAY,survey_2023,187052.0,7.023565573770492,0.23006503666555764,2.0297131147540983
100763,-116.86,36.75,48,3779,646.9933360064094,1912,586,3.7505,<1H OCEAN,legacy_import,200168.0,6.448805460750854,0.1712075512057183,3.262798634812287
101136,-115.79,39.56,29,10454,1907.5815746397825,2514,1381,3.8088,<1H OCEAN,survey_2023,214616.0,7.569876900796524,0.1824738449052786,1.8204199855177408
100949,-118.33,41.36,23,390,79.05467251373109,325,85,3.2557,<1H OCEAN,legacy_import,151060.0,4.588235294117647,0.20270428849674638,3.823529411764706
100183,-115.53,35.39,15,6086,1759.8560368021915,1479,825,0.5704,INLAND,survey_2023,35986.0,7.376969696969697,0.2891646462047636,1.7927272727272727
101176,-116.5,38.81,41,6154,1650.4474951595346,1398,909,1.9329,INLAND,survey_2023,55736.0,6.77007700770077,0.2681910131880947,1.537953795379538
101848,-115.43,39.29,26,4642,1119.547741366229,2706,754,0.9046,NEAR BAY,survey_2023,86649.0,6.156498673740053,0.24117788482684813,3.5888594164456236
101349,-123.9,34.79,22,5561,1069.107511607529,4076,1360,2.6529,<1H OCEAN,survey_2023,142176.0,4.088970588235294,0.19225094616211635,2.9970588235294118
101727,-114.33,33.38,7,3252,1015.2294285007172,683,404,2.1703,<1H OCEAN,legacy_import,175708.0,8.049504950495049,0.3121861711256818,1.6905940594059405
101068,-120.75,34.88,27,119,36.50259210692664,69,32,3.15,NEAR OCEAN,survey_2023,179117.0,3.71875,0.3067444714867785,2.15625
101811,-116.66,36.85,19,31,6.2259102603102985,16,6,9.1024,INLAND,survey_2023,410140.0,5.166666666666667,0.20083581484871932,2.6666666666666665
101030,-123.93,34.39,17,11173,3453.1840360666965,2957,1260,4.5385,INLAND,survey_2023,207834.0,8.867460317460317,0.3090650708016376,2.346825396825397
100250,-121.36,33.39,27,1424,372.6528032923816,544,200,3.0005,INLAND,survey_2023,117473.0,7.12,0.2616943843345376,2.72
100823,-120.32,34.61,20,9934,1738.4714973545013,4350,1467,1.4717,<1H OCEAN,survey_2023,85940.0,6.771642808452625,0.17500216401796873,2.965235173824131
101099,-120.8,36.62,52,4687,1084.3864559918686,1955,722,3.3431,NEAR BAY,survey_2023,207455.0,6.491689750692521,0.23136045572687616,2.7077562326869806
101536,-122.49,34.94,7,4664,788.1163465841627,3082,1130,8.4314,<1H OCEAN,legacy_import,370399.0,4.127433628318584,0.16897863348717038,2.7274336283185843
100940,-121.56,35.02,36,4067,730.9935288060769,2493,924,5.1072,<1H OCEAN,legacy_import,269155.0,4.401515151515151,0.17973777447899605,2.698051948051948
100391,-120.17,34.09,26,324,66.21061160926207,101,46,3.8105,<1H OCEAN,survey_2023,155341.0,7.043478260869565,0.2043537395347595,2.1956521739130435
101919,-120.17,40.15,34,3933,1082.5307118093317,2606,850,1.1993,INLAND,legacy_import,44038.0,4.627058823529412,0.27524299817170905,3.0658823529411765
101456,-117.4,37.25,33,1984,426.1219438195532,508,294,3.4306,NEAR BAY,legacy_import,150999.0,6.7482993197278915,0.2147792055542103,1.727891156462585
101092,-118.22,36.29,52,10738,2507.457481526559,5670,1496,14.7214,<1H OCEAN,survey_2023,500001.0,7.177807486631016,0.2335125238896032,3.7901069518716577
101191,-118.48,41.18,38,2465,540.379286240356,1567,615,0.5,NEAR BAY,survey_2023,89263.0,4.008130081300813,0.2192208057770207,2.5479674796747966
100904,-120.09,37.46,9,1963,422.7595839018021,1426,369,1.0332,INLAND,survey_2023,78418.0,5.3197831978319785,0.21536402644004182,3.86449864498645
100730,-122.66,39.6,14,2311,677.466894826016,1540,609,2.8212,<1H OCEAN,survey_2023,157210.0,3.7947454844006567,0.29314880780009345,2.528735632183908
100554,-115.53,33.19,52,4392,961.2958293313428,2573,759,1.7118,NEAR OCEAN,survey_2023,95724.0,5.786561264822135,0.21887427808090684,3.3899868247694336
100366,-114.69,33.67,27,6651,2117.688791307718,2424,807,5.8042,<1H OCEAN,survey_2023,275204.0,8.241635687732343,0.3184015623677218,3.003717472118959
100345,-118.14,38.85,26,9543,1592.8139661780413,1848,1129,2.1409,<1H OCEAN,survey_2023,106825.0,8.45261293179805,0.16690914452248154,1.6368467670504872
101608,-121.96,41.31,40,1588,400.0662425984205,464,186,10.0436,INLAND,survey_2023,425242.0,8.53763440860215,0.25193088324837565,2.4946236559139785
100535,-114.85,40.42,31,8289,2793.537045656908,3082,925,2.8682,NEAR BAY,survey_2023,203924.0,8.961081081081081,0.33701737792941344,3.331891891891892
101422,-123.88,39.74,51,428,135.2124307487097,162,79,4.4081,INLAND,survey_2023,176262.0,5.417721518987341,0.3159168942726862,2.050632911392405
101209,-114.33,38.3,41,7383,1965.741525929928,2592,1093,1.5352,NEAR BAY,legacy_import,99215.0,6.754803293687099,0.2662524076838586,2.3714547118023788
101372,-115.76,35.01,36,3170,760.9309946169857,1439,649,2.1643,<1H OCEAN,legacy_import,94898.0,4.8844375963020035,0.24004132322302388,2.217257318952234
101639,-115.03,34.47,11,3752,1017.9367395496868,2568,698,0.5,<1H OCEAN,legacy_import,54244.0,5.375358166189112,0.2713051011592982,3.679083094555874
100919,-122.9,35.38,47,8763,2821.8970855931066,3548,1431,2.1133,NEAR OCEAN,survey_2023,98318.0,6.123689727463312,0.32202408827948265,2.4793850454227813
100211,-117.38,40.15,33,2727,905.3256578221736,2056,568,1.9919,NEAR BAY,survey_2023,135657.0,4.801056338028169,0.3319859397954432,3.619718309859155
101603,-120.75,35.15,20,5979,1359.2234770238365,4284,1119,1.056,<1H OCEAN,legacy_import,96186.0,5.343163538873995,0.22733291136040082,3.8284182305630026
100502,-121.2,37.95,48,989,285.7180929583811,349,125,4.839,NEAR OCEAN,survey_2023,253733.0,7.912,0.28889594839067856,2.792
100537,-121.83,33.86,30,714,138.616017070815,280,107,2.404,<1H OCEAN,survey_2023,177395.0,6.672897196261682,0.19414007993111343,2.616822429906542
101220,-114.79,37.39,18,2179,715.4380582864834,933,568,3.6848,INLAND,legacy_import,135716.0,3.836267605633803,0.32833320710715164,1.642605633802817
100175,-122.56,40.45,36,195,1015.5418559096522,76,42,4.2915,NEAR OCEAN,legacy_import,222450.0,4.642857142857143,5.207906953382832,1.8095238095238095
